vote_count,original_language,popularity,genres,cast,budget,directors
576000,Hindi,4896.0,Political,Other,20,Vivek Agnihotri
456000,Hindi,3830.4,Comedy,Aamir Khan,55,Rajkumar Hirani
224000,Hindi,1859.2,Coming-of-Age,Aamir Khan,70,Other
217000,Hindi,1801.1,Drama,Other,12,Other
210000,Hindi,1701.0,Quest,Aamir Khan,85,Rajkumar Hirani
178000,Telugu,1388.4,Action Epic,N.T. Rama Rao Jr.,550,S.S. Rajamouli
158000,Kannada,1295.6,Action Epic,Other,100,Other
146000,Hindi,1284.8,Documentary,Other,20,Vidhu Vinod Chopra
144000,Telugu,1152.0,Action Epic,Prabhas,180,S.S. Rajamouli
123000,Telugu,1008.6,Action Epic,Prabhas,250,S.S. Rajamouli
124000,Hindi,1004.4,Epic,Aamir Khan,25,Ashutosh Gowariker
124000,Hindi,1004.4,Political,Aamir Khan,40,Other
179000,Hindi,1002.4,Epic,Aamir Khan,180,Other
119000,Hindi,940.1,Psychological,Shah Rukh Khan,85,Karan Johar
161000,Hindi,933.8,Action Epic,Shah Rukh Khan,240,Siddharth Anand
108000,Hindi,885.6,Thriller,Ayushmann Khurrana,32,Sriram Raghavan
107000,Kannada,877.4,Action,Other,16,Other
107000,Hindi,877.4,Crime,Other,18,Anurag Kashyap
104000,Kannada,852.8,Action Epic,Other,80,Other
104000,Hindi,842.4,Quest,Salman Khan,90,Kabir Khan
101000,Hindi,828.2,Crime,Ajay Devgn,38,Nishikant Kamat
101000,Hindi,828.2,Drama,Shah Rukh Khan,20,Ashutosh Gowariker
92000,Hindi,745.2,Drama,Sanjay Dutt,10,Rajkumar Hirani
90000,Hindi,738.0,Coming-of-Age,Hrithik Roshan,55,Other
96000,Telugu,729.6,Action Epic,Other,180,Sukumar
90000,Hindi,729.0,Comedy,Ranbir Kapoor,30,Anurag Basu
104000,Hindi,717.6,Action Epic,Shah Rukh Khan,300,Atlee
87000,Hindi,704.7,Drama,Shah Rukh Khan,20,Other
84000,Hindi,680.4,Suspense,Other,8,Neeraj Pandey
80000,Tamil,664.0,Action,Kamal Haasan,120,Lokesh Kanagaraj
106000,Hindi,646.6,Action Epic,Ranbir Kapoor,200,Other
80000,Hindi,640.0,Romantic,Shah Rukh Khan,4,Other
114000,Hindi,638.4,Action Epic,Amitabh Bachchan,410,Other
75000,Telugu,637.5,Action,Dulquer Salmaan,30,Other
86000,Tamil,636.4,Action,Joseph Vijay,135,Lokesh Kanagaraj
78000,Hindi,624.0,Coming-of-Age,Aamir Khan,15,Other
76000,Hindi,623.2,Action Epic,Vicky Kaushal,25,Other
76000,Hindi,623.2,Comedy,Akshay Kumar,7,Priyadarshan
78000,Hindi,616.2,Romantic,Other,30,Nikkhil Advani
74000,Hindi,606.8,Biography,Other,41,Other
72000,Hindi,576.0,Biography,Sushant Singh Rajput,104,Neeraj Pandey
69000,Kannada,572.7,Action,Other,10,Other
70000,Hindi,567.0,Adventure,Kangana Ranaut,12,Vikas Bahl
68000,Hindi,564.4,Comedy,Sushant Singh Rajput,70,Other
68000,Hindi,557.6,Horror,Other,15,Other
66000,Tamil,554.4,Action,Vijay Sethupathi,20,Other
68000,Hindi,550.8,Thriller,Vidya Balan,8,Other
68000,Hindi,550.8,Comedy,Other,20,Other
81000,Hindi,526.5,Action,Taapsee Pannu,120,Rajkumar Hirani
75000,Hindi,517.5,Drama,Other,30,Other
60000,Hindi,516.0,Biography,Madhavan,65,Other
65000,Telugu,513.5,Quest,Other,30,Other
69000,Hindi,510.6,Action,Aamir Khan,65,A.R. Murugadoss
64000,Hindi,499.2,Crime,Alia Bhatt,180,Sanjay Leela Bhansali
75000,Telugu,495.0,Action Epic,Prabhas,270,Other
63000,Hindi,491.4,Drama,Irrfan Khan,18,Other
62000,Hindi,489.8,Romance,Shahid Kapoor,15,Imtiaz Ali
62000,Hindi,489.8,Spy,Akshay Kumar,58,Neeraj Pandey
61000,Hindi,488.0,Heist,Akshay Kumar,42,Neeraj Pandey
64000,Hindi,486.4,Documentary,Ranbir Kapoor,100,Rajkumar Hirani
60000,Hindi,486.0,Action Epic,Other,3,Other
67000,Tamil,482.4,Action Epic,Joseph Vijay,300,Lokesh Kanagaraj
60000,Hindi,474.0,History,Akshay Kumar,30,Other
59000,Hindi,472.0,Action,Shahid Kapoor,48,Vishal Bhardwaj
80000,Hindi,472.0,Cop,Akshay Kumar,165,Rohit Shetty
60000,Hindi,468.0,Romantic,Shah Rukh Khan,23,Yash Chopra
66000,Telugu,462.0,Action Epic,Prabhas,600,Other
57000,Hindi,456.0,Comedy,Aamir Khan,3,Rajkumar Santoshi
54000,Tamil,448.2,Thriller,Other,20,Other
74000,Hindi,444.0,Action,Salman Khan,140,Other
59000,Hindi,442.5,Romantic,Shah Rukh Khan,10,Karan Johar
59000,Hindi,436.6,Drama,Shah Rukh Khan,40,Karan Johar
53000,Tamil,434.6,Action,Madhavan,175,Other
51000,Hindi,428.4,Comedy,Other,5,Other
60000,Hindi,426.0,Action Epic,Shah Rukh Khan,76,Other
52000,Hindi,416.0,Comedy,Sanjay Dutt,19,Rajkumar Hirani
67000,Hindi,415.4,Road Trip,Deepika Padukone,115,Rohit Shetty
61000,Hindi,408.7,Drama,Shah Rukh Khan,50,Yash Chopra
52000,Hindi,405.6,Tragedy,Ranbir Kapoor,60,Imtiaz Ali
56000,Hindi,403.2,Romantic,Shah Rukh Khan,39,Other
55000,Hindi,401.5,Coming-of-Age,Ranbir Kapoor,75,Other
50000,Hindi,400.0,Legal,Amitabh Bachchan,29,Other
48000,Hindi,393.6,Suspense,Ajay Devgn,50,Other
55000,Hindi,390.5,Action,Salman Khan,145,Ali Abbas Zafar
48000,Hindi,388.8,Coming-of-Age,Other,11,Other
46000,Tamil,386.4,Cop,Karthi,25,Lokesh Kanagaraj
46000,Malayalam,381.8,Thriller,Mohanlal,5,Jeethu Joseph
43000,Kannada,374.1,Adventure,Rakshit Shetty,20,Other
47000,Telugu,371.3,Action,Mahesh Babu,70,Sukumar
49000,Hindi,367.5,History,Shah Rukh Khan,50,Sanjay Leela Bhansali
135000,Telugu,364.5,Action Epic,Prabhas,600,Other
43000,Malayalam,361.2,Thriller,Mohanlal,50,Jeethu Joseph
45000,Hindi,355.5,Coming-of-Age,Ranveer Singh,60,Other
46000,Hindi,354.2,Comedy,Ayushmann Khurrana,15,Other
77000,Hindi,354.2,Horror,Kartik Aaryan,150,Anees Bazmee
52000,Hindi,353.6,Parody,Shah Rukh Khan,40,Other
75000,Hindi,352.5,Action Epic,Ajay Devgn,350,Rohit Shetty
54000,Hindi,351.0,Psychological,Ajay Devgn,65,Vikas Bahl
41000,Tamil,348.5,Drama,Vijay Sethupathi,18,Other
51000,Hindi,346.8,Tragedy,Shah Rukh Khan,120,Maneesh Sharma
52000,Hindi,343.2,Crime,Shah Rukh Khan,90,Other
47000,Hindi,343.1,Psychological,Aamir Khan,54,Other
56000,Telugu,341.6,Action Epic,Allu Arjun,500,Sukumar
45000,Hindi,337.5,Comedy,Rajkummar Rao,24,Other
45000,Hindi,337.5,Comedy,Other,150,Other
54000,Hindi,334.8,Tech,Shahid Kapoor,75,Other
47000,Malayalam,333.7,Adventure,Prithviraj Sukumaran,82,Other
45000,Hindi,333.0,Coming-of-Age,Alia Bhatt,46,Other
181000,Hindi,325.8,Action,Salman Khan,90,Prabhu Deva
40000,Tamil,324.0,Action,Joseph Vijay,70,A.R. Murugadoss
41000,Tamil,323.9,Spy,Other,95,Other
52000,Hindi,322.4,Action Epic,Hrithik Roshan,250,Siddharth Anand
39000,Hindi,319.8,Tragedy,Irrfan Khan,8,Other
41000,Hindi,319.8,Comedy,Other,10,Other
42000,Hindi,315.0,Biography,Ranveer Singh,270,Kabir Khan
55000,Hindi,313.5,Action,Salman Khan,300,Maneesh Sharma
39000,Hindi,308.1,Biography,Hrithik Roshan,60,Vikas Bahl
39000,Hindi,308.1,Comedy,Ayushmann Khurrana,29,Other
38000,Hindi,307.8,Crime,Ayushmann Khurrana,35,Anubhav Sinha
39000,Hindi,304.2,Coming-of-Age,Other,30,Abhishek Kapoor
42000,Hindi,302.4,Crime,Shah Rukh Khan,38,Other
54000,Hindi,302.4,Action Epic,Akshay Kumar,300,Other
43000,Hindi,301.0,Romance,Shahid Kapoor,68,Other
40000,Hindi,300.0,Action Epic,Other,40,Other
40000,Tamil,300.0,Drama,Joseph Vijay,120,Atlee
37000,Hindi,299.7,Drama,Amitabh Bachchan,20,Sanjay Leela Bhansali
42000,Hindi,298.2,Action,Shah Rukh Khan,25,Other
35000,Tamil,294.0,Action,Dhanush,22,Vetrimaaran
40000,Hindi,292.0,History,Ranveer Singh,145,Sanjay Leela Bhansali
36000,Hindi,291.6,Tragedy,Other,0,Other
36000,Hindi,291.6,Political,Other,8,Vivek Agnihotri
42000,Hindi,289.8,Horror,Rajkummar Rao,60,Other
38000,Tamil,288.8,Action Epic,Vikram,250,Mani Ratnam
41000,Hindi,287.0,Road Trip,Other,30,Other
44000,Hindi,286.0,Romantic,Ranveer Singh,160,Karan Johar
40000,Tamil,284.0,Cop,Rajinikanth,225,Other
37000,Hindi,277.5,Action Epic,Ajay Devgn,150,Other
39000,Hindi,276.9,Epic,Deepika Padukone,215,Sanjay Leela Bhansali
51000,Hindi,275.4,Heist,Aamir Khan,175,Other
36000,Hindi,273.6,Coming-of-Age,Ranbir Kapoor,18,Other
36000,Hindi,273.6,Romance,Dhanush,35,Aanand L. Rai
39000,Tamil,273.0,Cop,Amitabh Bachchan,300,Other
36000,Hindi,270.0,Horror,Akshay Kumar,32,Priyadarshan
36000,Hindi,270.0,History,Hrithik Roshan,40,Ashutosh Gowariker
35000,Hindi,269.5,Spy,Alia Bhatt,40,Other
57000,Hindi,267.9,Action Epic,Ranbir Kapoor,150,Other
33000,Hindi,267.3,Tragedy,Other,8,Other
33000,Hindi,267.3,Action Epic,Other,35,Other
41000,Hindi,266.5,Action,Ajay Devgn,100,Neeraj Pandey
35000,Hindi,266.0,Comedy,Deepika Padukone,42,Other
34000,Hindi,265.2,Documentary,Kartik Aaryan,140,Kabir Khan
34000,Hindi,265.2,Comedy,Irrfan Khan,23,Other
44000,Hindi,264.0,Comedy,Other,85,Other
43000,Hindi,262.3,Action,Salman Khan,40,Other
33000,Hindi,260.7,Comedy,Abhay Deol,13,Anurag Kashyap
32000,Tamil,259.2,Action,Joseph Vijay,70,A.R. Murugadoss
36000,Hindi,255.6,Romance,Aamir Khan,30,Other
33000,Hindi,254.1,Crime,Shahid Kapoor,47,Other
34000,Hindi,251.6,Coming-of-Age,Deepika Padukone,87,Imtiaz Ali
33000,English,250.8,Comedy,Imran Khan,25,Other
35000,Hindi,248.5,Drama,Aditya Roy Kapoor,15,Mohit Suri
31000,Telugu,248.0,Caper,Dulquer Salmaan,100,Other
32000,Hindi,246.4,Crime,Amitabh Bachchan,24,Other
35000,Hindi,245.0,Drama,Amitabh Bachchan,19,Other
32000,Hindi,243.2,Crime,Alia Bhatt,25,Imtiaz Ali
31000,Hindi,241.8,Drama,Other,15,Other
49000,Hindi,240.1,Action Epic,Shah Rukh Khan,150,Anubhav Sinha
32000,Hindi,240.0,Drama,Shah Rukh Khan,18,Mani Ratnam
39000,Hindi,237.9,Comedy,Varun Dhawan,105,Other
29000,Telugu,237.8,History,Ram Charan,60,Sukumar
30000,Hindi,237.0,Comedy,Akshay Kumar,76,R Balki
40000,Tamil,236.0,Action,Joseph Vijay,280,Vamshi Paidipally
31000,Hindi,235.6,Thriller,Shah Rukh Khan,4,Other
27000,Tamil,232.2,Adventure,Kamal Haasan,14,Other
33000,Hindi,231.0,Comedy,Ayushmann Khurrana,30,Other
35000,Hindi,231.0,Action Epic,Hrithik Roshan,170,Siddharth Anand
32000,Tamil,230.4,Action Epic,Rajinikanth,132,S. Shankar
29000,Telugu,229.1,Romance,Vijay Deverakonda,5,Other
30000,Hindi,228.0,Romantic,Kangana Ranaut,39,Aanand L. Rai
40000,Hindi,228.0,Action Epic,Salman Khan,75,Kabir Khan
28000,Hindi,226.8,Thriller,Aamir Khan,13,Other
26000,Tamil,223.6,Epic,Kamal Haasan,1,Mani Ratnam
29000,Telugu,223.3,Superhero,Other,40,Other
29000,Telugu,223.3,Action,Other,40,S.S. Rajamouli
29000,Hindi,223.3,Comedy,Other,35,Other
31000,Hindi,223.2,Action,Akshay Kumar,50,A.R. Murugadoss
27000,Malayalam,221.4,Adventure,Other,20,Other
35000,Hindi,220.5,Cop,Salman Khan,42,Other
30000,Hindi,219.0,Comedy,Akshay Kumar,18,Other
28000,Malayalam,218.4,Action,Fahadh Faasil,30,Other
31000,Hindi,217.0,Documentary,Ajay Devgn,105,Other
30000,Hindi,216.0,Tragedy,Hrithik Roshan,35,Sanjay Gupta
43000,Hindi,215.0,Action,Shah Rukh Khan,150,Other
29000,Hindi,214.6,Romantic,Imran Khan,15,Other
37000,Hindi,214.6,Comedy,Other,75,Other
35000,Hindi,213.5,Action,Other,50,Other
26000,Hindi,213.2,Comedy,Other,8,Dibakar Banerjee
26000,Tamil,213.2,Time Travel,Other,35,Venkat Prabhu
25000,Telugu,212.5,Drama,Nani,25,Other
48000,Hindi,211.2,Action Epic,Salman Khan,200,A.R. Murugadoss
27000,Hindi,210.6,Coming-of-Age,Hrithik Roshan,30,Other
27000,Hindi,207.9,Action Epic,Vicky Kaushal,130,Other
31000,Hindi,207.7,Comedy,Kartik Aaryan,60,Other
25000,Malayalam,207.5,Romantic,Nivin Pauly,4,Other
30000,Hindi,207.0,Drama,Other,60,Sriram Raghavan
35000,Hindi,206.5,Action,Salman Khan,210,Ali Abbas Zafar
29000,Hindi,205.9,Action,Other,35,Rakesh Roshan
31000,Hindi,204.6,Heist,Hrithik Roshan,35,Other
40000,Hindi,204.0,Action,Shah Rukh Khan,165,Rohit Shetty
29000,Hindi,203.0,Legal,Akshay Kumar,50,Other
25000,Hindi,202.5,Comedy,Aamir Khan,1,Other
28000,Hindi,201.6,Comedy,Akshay Kumar,45,Other
26000,Hindi,200.2,Drama,Other,32,Mani Ratnam
26000,Telugu,200.2,Action Epic,Ram Charan,44,S.S. Rajamouli
29000,Kannada,200.1,Adventure,Other,95,Other
27000,Hindi,199.8,Action,Varun Dhawan,29,Sriram Raghavan
35000,Hindi,199.5,Horror,Other,80,Anees Bazmee
24000,Malayalam,199.2,Comedy,Dulquer Salmaan,8,Other
26000,Hindi,197.6,Action,Sunny Deol,3,Yash Chopra
26000,Hindi,197.6,Spy,John Abraham,35,Other
26000,Hindi,197.6,History,John Abraham,35,Other
38000,Tamil,197.6,Action Epic,Joseph Vijay,150,Other
27000,Hindi,197.1,Comedy,Naseeruddin Shah,7,Other
25000,Hindi,195.0,Political,Other,20,Other
25000,Tamil,195.0,Time Travel,Suriya,75,Vikram K. Kumar
26000,Hindi,195.0,Horror,Dulquer Salmaan,20,R Balki
23000,Hindi,193.2,Crime,Other,6,Anurag Kashyap
23000,Tamil,193.2,Cop,Other,25,Other
28000,Hindi,193.2,Crime,Hrithik Roshan,58,Other
28000,Hindi,193.2,Romantic,Other,36,Other
26000,Hindi,192.4,Biography,Amitabh Bachchan,35,Other
24000,Tamil,192.0,Action,Dhanush,40,Other
27000,Hindi,191.7,Slapstick,Akshay Kumar,32,Anees Bazmee
23000,Tamil,190.9,Martial Arts,Vikram,38,S. Shankar
25000,Hindi,190.0,Comedy,Sushant Singh Rajput,35,Dibakar Banerjee
24000,Hindi,189.6,Thriller,Other,6,Anurag Kashyap
27000,Hindi,189.0,Drama,Taapsee Pannu,25,Anubhav Sinha
27000,Hindi,189.0,Action,Akshay Kumar,79,Radha Krishna Jagarlamudi
28000,Hindi,187.6,Comedy,Varun Dhawan,60,Other
37000,Hindi,185.0,Comedy,Akshay Kumar,180,Farhad Samji
23000,Hindi,184.0,Comedy,Ajay Devgn,28,Vishal Bhardwaj
30000,Tamil,183.0,Action Epic,Ajith Kumar,200,H. Vinoth
31000,Tamil,182.9,Biography,Kangana Ranaut,100,Other
25000,Telugu,182.5,Action,Allu Arjun,100,Trivikram Srinivas
25000,Tamil,182.5,Cop,Joseph Vijay,75,Atlee
24000,Hindi,182.4,Biography,Other,21,Other
23000,Hindi,181.7,Documentary,Ajay Devgn,235,Other
21000,Hindi,178.5,Comedy,Other,0,Other
27000,Hindi,178.2,Action,Salman Khan,35,Prabhu Deva
24000,Tamil,177.6,Action,Vikram,180,S. Shankar
25000,Hindi,177.5,Comedy,Kartik Aaryan,30,Other
25000,Hindi,177.5,Action,Saif Ali Khan,11,Other
25000,Hindi,177.5,Drama,Other,10,Vivek Agnihotri
23000,Hindi,177.1,Drama,Other,25,Abhishek Kapoor
21000,Tamil,176.4,Action,Dhanush,35,Vetrimaaran
27000,Hindi,175.5,Comedy,Akshay Kumar,100,Other
25000,Hindi,175.0,Romantic,Shah Rukh Khan,13,Yash Chopra
23000,Hindi,174.8,Comedy,Kartik Aaryan,60,Other
23000,Tamil,174.8,Action,Rajinikanth,60,S. Shankar
26000,Tamil,174.2,Action,Joseph Vijay,180,Atlee
29000,Hindi,174.0,Romantic,Ranbir Kapoor,200,Other
29000,Tamil,174.0,Action Epic,Rajinikanth,570,S. Shankar
28000,Hindi,173.6,Drama,Amitabh Bachchan,40,Other
24000,Hindi,172.8,Comedy,Akshay Kumar,75,Other
23000,Hindi,172.5,Comedy,Ranbir Kapoor,30,Other
23000,Hindi,172.5,Comedy,Other,4,Sooraj R. Barjatya
33000,Hindi,171.6,Romance,Prabhas,350,Other
24000,Hindi,170.4,Comedy,Akshay Kumar,21,Vipul Amrutlal Shah
23000,Hindi,170.2,Action Epic,Akshay Kumar,80,Other
20000,Malayalam,170.0,Comedy,Other,6,Other
26000,Hindi,169.0,Superhero,Hrithik Roshan,45,Rakesh Roshan
21000,Hindi,168.0,Biography,Nawazuddin Siddiqui,8,Other
42000,Hindi,168.0,Action,Salman Khan,225,Farhad Samji
22000,Hindi,167.2,Comedy,Rajkummar Rao,9,Other
19000,Tamil,165.3,Drama,Other,5,Other
22000,Hindi,165.0,Comedy,Other,13,Other
61000,Hindi,164.7,Action,Ranveer Singh,50,Ali Abbas Zafar
20000,Telugu,164.0,Drama,Nani,60,Other
31000,Hindi,161.2,Comedy,Shah Rukh Khan,200,Aanand L. Rai
27000,Hindi,159.3,Drama,Ranbir Kapoor,70,Karan Johar
22000,Hindi,158.4,Drama,Other,22,Anubhav Sinha
24000,Hindi,158.4,Thriller,Sidharth Malhotra,45,Mohit Suri
19000,Malayalam,157.7,Drama,Prithviraj Sukumaran,25,Other
25000,Hindi,157.5,Horror,Other,30,Other
23000,Hindi,156.4,Cop,Other,80,Other
23000,Hindi,156.4,Comedy,Akshay Kumar,80,Other
19000,Tamil,155.8,Comedy,Vijay Sethupathi,28,Other
33000,Hindi,155.1,Action,Salman Khan,240,Ali Abbas Zafar
23000,Tamil,154.1,Action,Other,15,A.R. Murugadoss
20000,Hindi,154.0,Biography,Vicky Kaushal,55,Other
22000,Hindi,154.0,Comedy,Rajkummar Rao,45,Other
19000,Hindi,153.9,Legal,Other,18,Other
27000,Hindi,153.9,Action,Hrithik Roshan,140,Siddharth Anand
24000,Hindi,153.6,Thriller,Other,50,Other
20000,Hindi,152.0,Tragedy,Varun Dhawan,35,Other
20000,Hindi,152.0,Comedy,Shah Rukh Khan,1,Other
23000,Hindi,151.8,Heist,Abhishek Bachchan,11,Other
28000,Hindi,151.2,Biography,Deepika Padukone,35,Other
20000,Hindi,150.0,Quest,Sanjay Dutt,22,Indra Kumar
20000,Hindi,150.0,Comedy,Ajay Devgn,15,Rohit Shetty
18000,Hindi,149.4,Crime,Other,2,Ram Gopal Varma
18000,Telugu,149.4,Comedy,Other,8,Other
19000,Malayalam,148.2,Comedy,Other,9,Other
19000,Hindi,148.2,Action,Anil Kapoor,21,S. Shankar
19000,Hindi,148.2,Cop,Ajay Devgn,18,Prakash Jha
20000,Hindi,148.0,Comedy,Ajay Devgn,48,Other
20000,Hindi,148.0,Comedy,Other,16,Sanjay Leela Bhansali
20000,Hindi,148.0,Drama,Hrithik Roshan,60,Sanjay Leela Bhansali
20000,Telugu,148.0,Action,Sivakarthikeyan,40,Other
18000,Tamil,147.6,Action Epic,Sivakarthikeyan,180,Other
18000,Malayalam,147.6,Comedy,Dulquer Salmaan,3,Other
18000,Tamil,147.6,Cop,Karthi,40,H. Vinoth
18000,Tamil,147.6,Crime,Other,2,Other
18000,Hindi,147.6,Biography,Rajkummar Rao,6,Hansal Mehta
18000,Tamil,147.6,Action,Joseph Vijay,8,Other
23000,Hindi,147.2,Romance,Ranveer Singh,85,Sanjay Leela Bhansali
23000,Hindi,147.2,Action,Ayushmann Khurrana,75,Anubhav Sinha
21000,Hindi,147.0,Comedy,Anil Kapoor,83,Other
19000,Hindi,146.3,Comedy,Abhay Deol,13,Dibakar Banerjee
18000,Malayalam,145.8,Drama,Other,10,Other
18000,Hindi,145.8,Drama,Other,5,Nagesh Kukunoor
18000,Hindi,145.8,Biography,Ajay Devgn,20,Rajkumar Santoshi
27000,Hindi,145.8,Comedy,Akshay Kumar,70,Aanand L. Rai
16000,English,145.6,Anime,Other,5,Other
25000,Hindi,145.0,Action,Akshay Kumar,60,Prabhu Deva
21000,Hindi,144.9,Slapstick,Shah Rukh Khan,18,Abbas-Mustan
19000,Hindi,144.4,Road Trip,Irrfan Khan,25,Other
39000,Hindi,144.3,Action Epic,Akshay Kumar,350,Ali Abbas Zafar
24000,Hindi,144.0,Crime,Other,50,Other
32000,Hindi,144.0,Action,Kartik Aaryan,85,Other
27000,Hindi,143.1,Superhero,Hrithik Roshan,115,Rakesh Roshan
27000,Telugu,143.1,Action,Ram Charan,450,S. Shankar
21000,Malayalam,142.8,Action Epic,Other,30,Other
18000,Hindi,142.2,History,Sunny Deol,10,Other
20000,Hindi,142.0,Thriller,Amitabh Bachchan,35,Other
20000,Hindi,142.0,Political,Ajay Devgn,60,Prakash Jha
19000,Hindi,140.6,Action,Shahid Kapoor,35,Vishal Bhardwaj
19000,Hindi,140.6,Crime,Ajay Devgn,35,Milan Luthria
19000,Telugu,140.6,Action,Mahesh Babu,65,Koratala Siva
19000,Hindi,140.6,Crime,Nawazuddin Siddiqui,8,Other
18000,Tamil,140.4,Comedy,Joseph Vijay,55,S. Shankar
23000,Hindi,140.3,Drama,Shah Rukh Khan,48,Karan Johar
29000,Hindi,139.2,Action,Salman Khan,60,Other
18000,Hindi,138.6,Documentary,Other,30,Other
22000,Tamil,138.6,Action,Ajith Kumar,185,Other
23000,Hindi,138.0,Action,Alia Bhatt,90,Other
25000,Hindi,137.5,Comedy,Other,50,Other
18000,Hindi,136.8,Slapstick,Other,6,Priyadarshan
18000,Hindi,136.8,Crime,Amitabh Bachchan,15,Ram Gopal Varma
19000,Hindi,136.8,Comedy,Irrfan Khan,36,Other
19000,Hindi,136.8,Romantic,Ranveer Singh,15,Maneesh Sharma
19000,Tamil,136.8,Action Epic,Vikram,250,Mani Ratnam
19000,Hindi,136.8,Disaster,Akshay Kumar,55,Other
29000,Tamil,136.3,Action,Other,80,Other
17000,Tamil,136.0,Romantic,Other,5,Other
17000,Hindi,136.0,Action,Ajay Devgn,9,Ram Gopal Varma
20000,Hindi,136.0,Cop,Ajay Devgn,41,Rohit Shetty
20000,Telugu,136.0,Action,Other,70,Other
18000,Hindi,135.0,Comedy,Rajkummar Rao,15,Other
25000,Telugu,135.0,Action,Mahesh Babu,200,Trivikram Srinivas
16000,Telugu,134.4,History,Other,25,Other
17000,Tamil,134.3,Romantic,Dhanush,35,Other
23000,Hindi,133.4,Cop,Ajay Devgn,100,Other
18000,Hindi,133.2,Drama,Amitabh Bachchan,10,Other
16000,Telugu,131.2,Action,Mahesh Babu,12,Trivikram Srinivas
17000,Hindi,130.9,Superhero,Anil Kapoor,3,Other
17000,Telugu,130.9,Romantic,Vijay Deverakonda,5,Other
17000,Tamil,130.9,Action,Ajith Kumar,35,Venkat Prabhu
16000,Kannada,129.6,Thriller,Other,2,Other
16000,Hindi,128.0,Crime,Other,8,Anurag Kashyap
16000,Telugu,128.0,Crime,Mahesh Babu,12,Puri Jagannadh
25000,Hindi,127.5,Action Epic,Prabhas,350,Other
23000,Hindi,126.5,Cop,Ranveer Singh,80,Rohit Shetty
16000,Tamil,126.4,Action,Vijay Sethupathi,65,Vetrimaaran
21000,Tamil,126.0,Cop,Ajith Kumar,150,H. Vinoth
17000,Hindi,125.8,Action,Amitabh Bachchan,25,Rajkumar Santoshi
19000,Hindi,125.4,Comedy,Ayushmann Khurrana,35,Other
22000,Tamil,125.4,Action Epic,Joseph Vijay,400,Venkat Prabhu
48000,Hindi,124.8,Martial Arts,Vijay Deverakonda,125,Puri Jagannadh
15000,Tamil,124.5,Drama,Other,5,Other
15000,Marathi,124.5,Drama,Other,4,Other
15000,Hindi,124.5,Comedy,Naseeruddin Shah,1,Other
17000,Hindi,124.1,Serial Killer,Nawazuddin Siddiqui,8,Anurag Kashyap
17000,Hindi,124.1,Comedy,Ayushmann Khurrana,25,Other
19000,Hindi,123.5,Drama,Akshay Kumar,100,Other
15000,Tamil,123.0,Action,Suriya,25,Gautham Vasudev Menon
18000,Hindi,122.4,Romantic,Saif Ali Khan,28,Imtiaz Ali
18000,Hindi,122.4,Comedy,Akshay Kumar,17,Priyadarshan
24000,Hindi,122.4,Romantic,Shah Rukh Khan,90,Imtiaz Ali
26000,Hindi,122.2,Romantic,Vicky Kaushal,80,Other
14000,Oriya,121.8,Adventure,Other,4,Other
16000,Tamil,121.6,Action,Suriya,7,A.R. Murugadoss
16000,Telugu,121.6,Legal,Nani,50,Other
19000,Hindi,121.6,Action Epic,Other,40,Other
15000,Tamil,121.5,Martial Arts,Kamal Haasan,15,S. Shankar
18000,Hindi,120.6,Comedy,Salman Khan,19,David Dhawan
15000,Tamil,120.0,Crime,Kamal Haasan,24,Other
15000,Hindi,120.0,Crime,Sanjay Dutt,7,Other
20000,Telugu,120.0,Action Epic,N.T. Rama Rao Jr.,300,Koratala Siva
14000,Tamil,119.0,Action,Rajinikanth,3,Mani Ratnam
17000,Hindi,119.0,Comedy,Ayushmann Khurrana,30,Other
14000,Tamil,117.6,Drama,Other,35,Other
17000,Hindi,117.3,Action,Hrithik Roshan,10,Rakesh Roshan
17000,Hindi,117.3,Drama,Shah Rukh Khan,10,Other
23000,Hindi,117.3,Action Epic,Sunny Deol,80,Other
16000,Hindi,116.8,Action,Sunny Deol,19,Other
14000,Malayalam,116.2,Disaster,Tovino Thomas,25,Other
14000,Hindi,116.2,Comedy,Other,0,Other
14000,Kannada,116.2,Drama,Other,2,Other
17000,Hindi,115.6,Action,John Abraham,150,Other
17000,Hindi,115.6,Cop,Rajkummar Rao,6,Other
17000,Hindi,115.6,Action,Other,6,Rakesh Roshan
17000,Hindi,115.6,Romantic,Sidharth Malhotra,35,Other
17000,Hindi,115.6,Romantic,Madhavan,17,Aanand L. Rai
16000,Hindi,115.2,Comedy,Kartik Aaryan,22,Other
18000,Hindi,115.2,Romantic,Ranbir Kapoor,35,Rajkumar Santoshi
14000,Tamil,114.8,Comedy,Other,10,Karthik Subbaraj
15000,Hindi,114.0,Drama,Irrfan Khan,36,Nishikant Kamat
17000,Hindi,113.9,Thriller,Anil Kapoor,46,Other
14000,Malayalam,113.4,Adventure,Dulquer Salmaan,13,Other
14000,Tamil,113.4,Political,Other,4,Mani Ratnam
14000,Tamil,113.4,Drama,Other,2,Mani Ratnam
13000,Malayalam,113.1,Horror,Mohanlal,0,Other
15000,Hindi,112.5,Action,Other,15,Other
16000,Malayalam,112.0,Crime,Dulquer Salmaan,35,Other
16000,Hindi,112.0,Romantic,Saif Ali Khan,20,Other
16000,Hindi,112.0,Crime,Other,10,Other
21000,Hindi,111.3,Romance,Alia Bhatt,59,Karan Johar
15000,Hindi,111.0,Action,Other,40,Other
17000,Hindi,110.5,Drama,Shah Rukh Khan,22,Aziz Mirza
15000,Hindi,109.5,Drama,Shahid Kapoor,80,Other
15000,Hindi,109.5,Drama,Other,107,Other
13000,Tamil,109.2,Crime,Other,5,Vetrimaaran
14000,Malayalam,109.2,Horror,Mammootty,27,Other
14000,Hindi,109.2,Crime,Other,15,Sriram Raghavan
16000,Hindi,108.8,Disaster,Sushant Singh Rajput,35,Abhishek Kapoor
17000,Hindi,108.8,Comedy,Abhishek Bachchan,41,Other
15000,Hindi,108.0,Thriller,Other,20,Other
15000,Hindi,108.0,Mystery,Sidharth Malhotra,29,Other
15000,Hindi,108.0,Adventure,Other,12,Other
16000,Hindi,107.2,Action,Saif Ali Khan,29,Raj & DK
16000,Hindi,107.2,Slapstick,Akshay Kumar,32,Priyadarshan
16000,Hindi,107.2,Crime,Ayushmann Khurrana,45,Abhishek Kapoor
15000,Hindi,106.5,Thriller,Other,24,Other
14000,Malayalam,106.4,Action,Mammootty,18,Amal Neerad
14000,Tamil,106.4,Crime,Joseph Vijay,12,Prabhu Deva
24000,Hindi,105.6,Action,Salman Khan,180,Sooraj R. Barjatya
14000,Malayalam,105.0,Political,Mohanlal,30,Other
14000,Hindi,105.0,Drama,Rajkummar Rao,9,Other
14000,Hindi,105.0,Comedy,Rani Mukerji,20,Other
14000,Telugu,105.0,Action,Mahesh Babu,60,Koratala Siva
21000,Hindi,105.0,Action,Salman Khan,65,Other
13000,Hindi,104.0,Crime,Irrfan Khan,10,Vishal Bhardwaj
17000,Hindi,103.7,Comedy,Akshay Kumar,35,Other
14000,Hindi,103.6,Biography,Rajkummar Rao,45,Other
14000,Hindi,103.6,Thriller,Amitabh Bachchan,18,Vipul Amrutlal Shah
14000,Telugu,103.6,Action,Mahesh Babu,40,Other
14000,Hindi,103.6,Comedy,Kamal Haasan,8,Other
24000,Hindi,103.2,Comedy,Ranveer Singh,150,Rohit Shetty
21000,Hindi,102.9,Action,Salman Khan,60,Anees Bazmee
21000,Hindi,102.9,Drama,Taapsee Pannu,30,Anurag Kashyap
13000,Hindi,102.7,Comedy,Other,6,Other
13000,Hindi,102.7,Action,Sushant Singh Rajput,30,Other
16000,Hindi,102.4,Documentary,Shah Rukh Khan,18,Other
16000,Hindi,102.4,Action,Kangana Ranaut,125,Radha Krishna Jagarlamudi
14000,Hindi,102.2,Drama,Salman Khan,2,Sooraj R. Barjatya
14000,Hindi,102.2,Cop,Rani Mukerji,21,Other
14000,Hindi,102.2,Drama,Other,8,Other
14000,Telugu,102.2,Action,Allu Arjun,35,Surender Reddy
17000,Hindi,102.0,Romantic,Vicky Kaushal,40,Other
14000,Hindi,100.8,Action,Other,13,Other
14000,Hindi,100.8,Crime,Amitabh Bachchan,35,Other
21000,Hindi,100.8,Cop,Salman Khan,84,Other
15000,Hindi,100.5,Romantic,Shah Rukh Khan,9,Aziz Mirza
13000,Hindi,100.1,Action,Amitabh Bachchan,38,Other
12000,Tamil,99.6,Comedy,Vijay Sethupathi,2,Other
12000,Tamil,99.6,Action,Rajinikanth,4,Other
11000,Hindi,99.0,History,Other,5,Other
18000,English,99.0,Comedy,Other,20,Other
23000,Hindi,98.9,Action,Other,60,Other
13000,Tamil,98.8,Boxing,Madhavan,15,Other
14000,Hindi,98.0,Comedy,Shahid Kapoor,12,Priyadarshan
13000,Hindi,97.5,Drama,Amitabh Bachchan,40,R Balki
18000,Hindi,97.2,Action,Saif Ali Khan,94,Abbas-Mustan
14000,Hindi,96.6,Comedy,Other,19,Other
13000,Hindi,96.2,Comedy,Other,25,Anurag Basu
13000,Hindi,96.2,Comedy,Other,10,Other
12000,Malayalam,96.0,Drama,Other,12,Other
12000,Malayalam,96.0,Action,Other,6,Other
12000,Hindi,96.0,Action Epic,Amitabh Bachchan,1,Yash Chopra
15000,Hindi,96.0,Fairy Tale,Shah Rukh Khan,24,Other
18000,Hindi,95.4,Quest,Akshay Kumar,150,Other
17000,Hindi,95.2,Comedy,Akshay Kumar,30,Other
12000,Telugu,94.8,Comedy,Other,28,Vikram K. Kumar
16000,Hindi,94.4,Drama,Rajkummar Rao,40,Other
12000,Tamil,93.6,Drama,Other,8,Other
12000,Telugu,93.6,Action,Other,6,Other
13000,Hindi,93.6,Crime,Other,40,Other
13000,Tamil,93.6,Action,Rajinikanth,160,Karthik Subbaraj
13000,Hindi,93.6,Cop,John Abraham,48,Nikkhil Advani
13000,Hindi,93.6,Crime,Rani Mukerji,18,Other
49000,Hindi,93.1,Action,Anil Kapoor,185,Other
15000,Tamil,93.0,Cop,Mohanlal,60,Other
14000,Tamil,92.4,Martial Arts,Suriya,80,A.R. Murugadoss
13000,Hindi,92.3,Comedy,Irrfan Khan,22,Other
13000,Hindi,92.3,Comedy,Amitabh Bachchan,30,R Balki
17000,Hindi,91.8,Action,Akshay Kumar,45,Other
15000,Tamil,91.5,Crime,Rajinikanth,100,Other
11000,Malayalam,91.3,Comedy,Fahadh Faasil,4,Other
12000,Tamil,91.2,Action,Suriya,18,K.V. Anand
12000,Hindi,91.2,Comedy,Other,1,Other
12000,Hindi,91.2,Thriller,Other,5,Other
16000,Hindi,91.2,Comedy,Akshay Kumar,60,Other
11000,Tamil,90.2,Action,Other,40,Vetrimaaran
22000,Hindi,90.2,Action Epic,Aamir Khan,310,Other
12000,Telugu,90.0,Action,N.T. Rama Rao Jr.,4,Sukumar
15000,Hindi,90.0,Romantic,Varun Dhawan,33,Other
13000,Hindi,89.7,Drama,Other,18,Other
13000,Telugu,89.7,Action,Pawan Kalyan,90,Other
14000,Hindi,89.6,Romantic,Kartik Aaryan,25,Other
14000,Hindi,89.6,Comedy,Irrfan Khan,45,Priyadarshan
14000,Hindi,89.6,Martial Arts,Akshay Kumar,82,Other
14000,Tamil,89.6,Action,Suriya,75,Other
11000,Malayalam,89.1,Comedy,Other,3,Other
12000,Hindi,88.8,Romance,Aamir Khan,1,Other
13000,Hindi,88.4,Crime,John Abraham,38,Kabir Khan
17000,Hindi,88.4,Cop,Salman Khan,180,Other
11000,Malayalam,88.0,Psychological,Other,12,Other
11000,Tamil,88.0,Action,Other,5,Other
11000,Tamil,88.0,Action,Other,100,Karthik Subbaraj
11000,Telugu,88.0,Action,Mahesh Babu,8,Other
22000,Hindi,88.0,History,Salman Khan,135,Kabir Khan
12000,Hindi,86.4,Action,Aamir Khan,8,Vikram Bhatt
12000,Telugu,86.4,Crime,Mahesh Babu,35,Puri Jagannadh
13000,Hindi,85.8,Comedy,Anil Kapoor,20,Anees Bazmee
14000,Hindi,85.4,Comedy,Akshay Kumar,40,Priyadarshan
14000,Hindi,85.4,Romantic,Varun Dhawan,39,Other
11000,Tamil,84.7,Legal,Ajith Kumar,55,H. Vinoth
13000,Hindi,84.5,Action,Aditya Roy Kapoor,70,Mohit Suri
14000,English,84.0,Romance,Hrithik Roshan,82,Anurag Basu
11000,Hindi,83.6,Martial Arts,Other,21,Other
19000,Hindi,83.6,Drama,Other,20,Other
13000,Kannada,83.2,Drama,Other,12,Other
9800,Kannada,82.32,Crime,Rakshit Shetty,4,Other
10000,Telugu,82.0,Romantic,Other,8,Other
9200,Malayalam,81.88,Action,Mohanlal,0,Other
12000,Hindi,81.6,Comedy,Aamir Khan,12,Indra Kumar
12000,Tamil,81.6,Comedy,Sivakarthikeyan,38,Other
12000,Hindi,81.6,Action,Other,38,Other
11000,Hindi,81.4,Romantic,Aamir Khan,5,Ram Gopal Varma
14000,Hindi,81.2,Comedy,Salman Khan,28,David Dhawan
13000,Hindi,80.6,Comedy,Ranbir Kapoor,23,Siddharth Anand
11000,Hindi,80.3,Action,Rani Mukerji,30,Other
11000,Hindi,80.3,Biography,Rani Mukerji,35,Other
11000,Tamil,80.3,Action,Dhanush,47,Other
11000,Hindi,80.3,Comedy,John Abraham,9,Milan Luthria
11000,Telugu,80.3,Action,Vijay Deverakonda,34,Other
11000,Tamil,80.3,Action,Kamal Haasan,60,K.S. Ravikumar
11000,Hindi,80.3,Comedy,Vidya Balan,19,Other
11000,Hindi,80.3,Action,Other,2,Other
11000,Tamil,80.3,Action,Ajith Kumar,50,Gautham Vasudev Menon
14000,Hindi,79.8,Action,Akshay Kumar,110,Other
21000,English,79.8,Adventure,Other,25,Other
9600,Tamil,79.68,Action,Other,15,Mani Ratnam
13000,Tamil,79.3,Action,Joseph Vijay,60,Other
11000,Hindi,79.2,Crime,Abhay Deol,32,Dibakar Banerjee
11000,Hindi,79.2,Comedy,Other,10,Other
36000,Kannada,79.2,Action,Other,120,Other
10000,Malayalam,79.0,Crime,Kunchacko Boban,5,Other
10000,Hindi,79.0,Documentary,Other,1,Other
11000,Telugu,78.1,Action,Mahesh Babu,100,Vamshi Paidipally
11000,Hindi,78.1,Drama,Other,18,Other
11000,Hindi,78.1,Spy,Other,35,Other
11000,Hindi,78.1,Crime,Amitabh Bachchan,18,Other
10000,Hindi,78.0,Action,Other,0,Other
12000,Telugu,78.0,Action,Other,40,Other
12000,Hindi,78.0,Drama,Rajkummar Rao,30,Anubhav Sinha
9900,Malayalam,77.22,Comedy,Other,10,Other
9900,Hindi,77.22,Crime,Other,6,Other
11000,Tamil,77.0,Action,Ajith Kumar,60,Other
9600,Malayalam,76.8,Crime,Kunchacko Boban,4,Other
12000,Hindi,76.8,Comedy,Vidya Balan,40,Other
12000,Hindi,76.8,Adventure,Ranbir Kapoor,131,Anurag Basu
12000,Hindi,76.8,Comedy,Amitabh Bachchan,20,Other
9400,Tamil,76.14,Cop,Other,12,Other
10000,Malayalam,76.0,Action,Mammootty,28,Other
10000,Hindi,76.0,Drama,Other,35,Other
10000,Telugu,76.0,Action,Mahesh Babu,30,Trivikram Srinivas
11000,Hindi,75.9,Martial Arts,Akshay Kumar,160,Other
11000,Hindi,75.9,Drama,Akshay Kumar,80,Other
11000,Hindi,75.9,Comedy,Ayushmann Khurrana,20,Other
8900,Tamil,75.65,Biography,Other,2,Other
9000,Tamil,75.6,Political,Other,15,S. Shankar
9000,Tamil,75.6,Crime,Kamal Haasan,18,Jeethu Joseph
12000,Telugu,75.6,Action,Mahesh Babu,125,A.R. Murugadoss
12000,Tamil,75.6,Crime,Joseph Vijay,60,Other
9300,Telugu,75.33,Action,Allu Arjun,18,Radha Krishna Jagarlamudi
16000,Kannada,75.2,Action,Other,120,Other
8500,Telugu,74.8,Drama,Other,0,Other
9200,Hindi,74.52,History,Other,1,Other
12000,Hindi,74.4,Crime,Madhavan,18,Other
10000,Malayalam,74.0,Crime,Tovino Thomas,12,Other
10000,Tamil,74.0,Action,Sivakarthikeyan,60,Other
8500,Tamil,73.95,Action,Kamal Haasan,2,Other
8900,Hindi,73.87,Romance,Other,0,Other
9700,Hindi,73.72,Action,Amitabh Bachchan,3,Other
11000,Hindi,73.7,Drama,Shahid Kapoor,8,Sooraj R. Barjatya
11000,Hindi,73.7,Drama,Other,35,Other
11000,Telugu,73.7,Horror,Other,8,Other
9300,Tamil,73.47,Coming-of-Age,Other,35,Other
12000,Hindi,73.2,Action Epic,Ajay Devgn,125,Other
12000,Tamil,73.2,Action,Ajith Kumar,45,Other
10000,Telugu,73.0,Action,Pawan Kalyan,55,Trivikram Srinivas
10000,Telugu,73.0,Action,N.T. Rama Rao Jr.,95,Trivikram Srinivas
9100,Hindi,72.8,Boxing,Other,10,Other
13000,Hindi,72.8,Action,Hrithik Roshan,138,Ashutosh Gowariker
13000,Hindi,72.8,Comedy,Sidharth Malhotra,70,Indra Kumar
9700,Hindi,72.75,Comedy,Madhavan,13,Gautham Vasudev Menon
9200,Tamil,72.68,Horror,Vijay Sethupathi,1,Karthik Subbaraj
11000,Hindi,72.6,Drama,Vidya Balan,18,Milan Luthria
11000,Telugu,72.6,Martial Arts,Nani,65,Other
8500,Hindi,72.25,Sports,Other,40,Other
8800,Telugu,72.16,Comedy,Other,1,Other
10000,Hindi,72.0,Action,Irrfan Khan,32,Nikkhil Advani
11000,Tamil,71.5,Action,Dhanush,100,Other
11000,Hindi,71.5,Biography,Aamir Khan,38,Other
11000,Tamil,71.5,Action,Ajith Kumar,100,Siva
11000,Tamil,71.5,Action,Rajinikanth,140,Other
8700,Kannada,71.34,Crime,Other,10,Other
9000,Tamil,71.1,Action,Dhanush,18,Other
10000,Hindi,71.0,Road Trip,Irrfan Khan,20,Other
8400,Tamil,70.56,Action,Dhanush,12,K. Selvaraghavan
9800,Hindi,70.56,Drama,Vidya Balan,14,Other
8600,Tamil,70.52,Drama,Other,6,Other
16000,Hindi,70.4,Action,John Abraham,80,Mohit Suri
9500,Hindi,70.3,Horror,Madhavan,12,Vikram K. Kumar
9900,Hindi,70.29,Action,Other,15,Priyadarshan
9600,Hindi,70.08,Comedy,John Abraham,10,Anurag Kashyap
9600,Hindi,70.08,Action,Ajay Devgn,22,Mani Ratnam
9100,Hindi,70.07,Drama,Other,47,Other
8300,Tamil,69.72,Action,Kamal Haasan,18,Other
8500,Kannada,69.7,Drama,Rakshit Shetty,8,Other
12000,Tamil,69.6,Action,Joseph Vijay,70,Other
8200,Marathi,68.88,Drama,Other,12,Other
8400,Tamil,68.88,Action,Other,20,K.S. Ravikumar
8400,Hindi,68.88,Drama,Other,8,Other
8600,Malayalam,68.8,Crime,Fahadh Faasil,3,Other
9400,Hindi,68.62,Martial Arts,Other,15,Other
9000,Telugu,68.4,Romance,Nani,30,Other
9100,Hindi,68.25,Crime,Abhay Deol,4,Other
8600,Tamil,67.94,Action,Kamal Haasan,22,Gautham Vasudev Menon
9300,Malayalam,67.89,Drama,Fahadh Faasil,35,Other
9300,Malayalam,67.89,Action,Other,6,Lijo Jose Pellissery
13000,Tamil,67.6,Action,Ajith Kumar,120,Siva
9000,Malayalam,67.5,Comedy,Other,3,Other
9000,Hindi,67.5,Comedy,Other,3,Other
15000,Tamil,67.5,Action Epic,Suriya,350,Siva
8100,Tamil,67.23,Comedy,Other,2,Other
8300,Tamil,67.23,Action,Other,4,Lokesh Kanagaraj
11000,Hindi,67.1,Action,Shah Rukh Khan,18,Other
10000,Hindi,67.0,Comedy,Amitabh Bachchan,45,Vikas Bahl
10000,Hindi,67.0,Comedy,Amitabh Bachchan,30,Vipul Amrutlal Shah
10000,Tamil,67.0,Action,Other,80,Other
7600,Marathi,66.88,Drama,Other,4,Other
8900,Malayalam,66.75,Legal,Mohanlal,35,Jeethu Joseph
18000,Hindi,66.6,Drama,Alia Bhatt,150,Other
8300,Malayalam,66.4,Crime,Prithviraj Sukumaran,5,Jeethu Joseph
8500,Kannada,66.3,Action,Other,20,Upendra
8500,Telugu,66.3,Action,Allu Arjun,4,Sukumar
9300,Telugu,66.03,Crime,Other,5,Other
10000,Hindi,66.0,Drama,Other,15,Other
11000,Hindi,66.0,Comedy,Ranveer Singh,22,Maneesh Sharma
11000,Telugu,66.0,Comedy,Other,100,Other
7900,Tamil,65.57,Action,Vikram,18,Other
8300,Malayalam,65.57,Suspense,Prithviraj Sukumaran,5,Other
9500,Hindi,65.55,Comedy,Taapsee Pannu,35,Anurag Kashyap
9100,Hindi,65.52,Crime,Other,65,Other
9600,Hindi,65.28,Comedy,Varun Dhawan,35,Other
13000,Hindi,65.0,Action,Other,60,Other
11000,English,64.9,Crime,Other,60,Hansal Mehta
11000,Hindi,64.9,Comedy,Akshay Kumar,38,Priyadarshan
11000,Punjabi,64.9,Comedy,Other,20,Other
11000,Hindi,64.9,Comedy,Imran Khan,32,Ali Abbas Zafar
8000,Telugu,64.8,Mystery,Other,9,Other
8100,English,64.8,Drama,Other,5,Other
9000,Telugu,64.8,Action,Chiranjeevi,270,Surender Reddy
7800,Tamil,64.74,Drama,Madhavan,8,Mani Ratnam
7700,Tamil,64.68,Political,Mohanlal,6,Mani Ratnam
8400,Tibetan,64.68,Adventure,Other,12,Other
8400,Telugu,64.68,Cop,Ram Charan,50,Surender Reddy
8500,Tamil,64.6,Comedy,Dulquer Salmaan,8,Other
28000,Hindi,64.4,Action,Other,90,Other
8000,Tamil,64.0,Action,Karthi,32,K. Selvaraghavan
9400,Hindi,63.92,Crime,John Abraham,60,Nishikant Kamat
7700,Hindi,63.91,Drama,Other,10,Other
9000,Hindi,63.9,Action,Other,20,Other
11000,Hindi,63.8,Comedy,Ayushmann Khurrana,30,Other
8600,Malayalam,63.64,Serial Killer,Tovino Thomas,18,Other
8600,Hindi,63.64,Tragedy,Emraan Hashmi,18,Mohit Suri
8600,Hindi,63.64,Action,Other,2,Other
8800,Telugu,63.36,Action,N.T. Rama Rao Jr.,70,Koratala Siva
7800,Hindi,63.18,Romantic,Other,0,Other
8100,Hindi,63.18,Biography,Other,12,Hansal Mehta
8200,Hindi,63.14,Romance,Other,18,Other
8300,Hindi,63.08,Drama,Aamir Khan,8,Other
9000,Telugu,63.0,Action,Nani,90,Other
10000,Hindi,63.0,Drama,Other,17,Sooraj R. Barjatya
10000,Telugu,63.0,Action,Pawan Kalyan,75,Other
21000,Hindi,63.0,Cop,Salman Khan,100,Prabhu Deva
8500,Telugu,62.9,Comedy,Other,8,Other
7300,Malayalam,62.78,Action,Mohanlal,1,Other
7300,Tamil,62.78,Comedy,Joseph Vijay,2,Other
11000,Hindi,62.7,Parody,Other,40,Rohit Shetty
11000,Hindi,62.7,Cop,Ajay Devgn,70,Rohit Shetty
12000,English,62.4,Anime,Other,200,Other
12000,Hindi,62.4,Comedy,Ayushmann Khurrana,85,Other
7700,Malayalam,62.37,Action,Other,25,Other
7700,Tamil,62.37,Drama,Other,5,Other
7600,Kannada,62.32,Comedy,Rakshit Shetty,4,Other
8900,Hindi,62.3,Action,Akshay Kumar,3,Other
8300,Tamil,62.25,Action,Karthi,50,Other
8500,Kannada,62.05,Action,Other,60,Other
8500,Tamil,62.05,Action,Ajith Kumar,25,Other
10000,Hindi,62.0,Action,Shah Rukh Khan,12,Rakesh Roshan
8700,Telugu,61.77,Drama,Other,58,Other
8700,Hindi,61.77,Action,Akshay Kumar,63,Other
8000,Punjabi,61.6,Animation,Other,20,Other
11000,Telugu,61.6,Action,Mahesh Babu,75,Other
7600,Tamil,61.56,Action,Dhanush,8,Vetrimaaran
8100,Telugu,61.56,Crime,Other,6,Other
8200,Hindi,61.5,Action,Saif Ali Khan,7,Sriram Raghavan
12000,Hindi,61.2,Action,Akshay Kumar,70,Other
9700,Telugu,61.11,Biography,Mammootty,50,Other
9400,Hindi,61.1,Comedy,Ajay Devgn,75,Other
8600,Malayalam,61.06,Action,Mohanlal,30,Other
16000,Tamil,60.8,Action,Kamal Haasan,250,S. Shankar
7500,Bengali,60.75,Drama,Other,0,Satyajit Ray
8300,Tamil,60.59,Action,Other,60,Gautham Vasudev Menon
9600,Hindi,60.48,Comedy,Akshay Kumar,18,Vikram Bhatt
9300,Malayalam,60.45,Action Epic,Mohanlal,180,Other
8600,Hindi,60.2,Comedy,Other,18,Other
9400,Hindi,60.16,Comedy,Other,30,Other
7500,Kannada,60.0,Drama,Other,3,Other
8000,Telugu,60.0,Action,Allu Arjun,25,Sukumar
10000,Hindi,60.0,Action,Saif Ali Khan,85,Kabir Khan
12000,Hindi,60.0,Action,Ajay Devgn,100,Rohit Shetty
12000,Hindi,60.0,Comedy,Other,40,Other
8100,Hindi,59.94,Comedy,Abhay Deol,8,Imtiaz Ali
9200,Tamil,59.8,Action,Ajith Kumar,45,Siva
8500,Hindi,59.5,Slapstick,Other,7,Priyadarshan
9900,Tamil,59.4,Thriller,Vikram,100,Other
11000,Hindi,59.4,Action,Other,50,Other
11000,Marathi,59.4,Biography,Other,25,Other
8600,Tamil,59.34,Drama,Taapsee Pannu,12,Other
9400,Hindi,59.22,Thriller,Akshay Kumar,18,Other
7400,Kannada,59.2,Action,Other,5,Other
8000,Telugu,59.2,Action,N.T. Rama Rao Jr.,35,Puri Jagannadh
6800,Malayalam,59.16,Action,Mohanlal,2,Other
6500,Telugu,59.15,Comedy,Other,0,Other
7300,Tamil,59.13,Drama,Other,15,Gautham Vasudev Menon
8800,Telugu,58.96,Action,Allu Arjun,65,Other
8800,Malayalam,58.96,Action,Mohanlal,25,Other
7300,Malayalam,58.4,Tech,Other,7,Other
8000,Punjabi,58.4,Comedy,Other,21,Other
8100,Hindi,58.32,Thriller,Other,8,Vivek Agnihotri
11000,Hindi,58.3,Martial Arts,Other,37,Other
8800,Telugu,58.08,Crime,Other,20,Other
10000,Hindi,58.0,Action,John Abraham,85,Sanjay Gupta
10000,Hindi,58.0,Romantic,Sushant Singh Rajput,25,Maneesh Sharma
9200,Hindi,57.96,Comedy,Other,35,Dibakar Banerjee
9500,Hindi,57.95,Parody,Salman Khan,40,Other
8600,Hindi,57.62,Comedy,Shah Rukh Khan,2,Aziz Mirza
7200,Tamil,57.6,Action,Suriya,8,Gautham Vasudev Menon
12000,Hindi,57.6,Action,Other,70,Other
11000,Hindi,57.2,Action,Other,25,Other
11000,Hindi,57.2,Comedy,Other,35,Other
11000,Hindi,57.2,Documentary,Other,60,Other
10000,Tamil,57.0,Cop,Other,3,Other
10000,Hindi,57.0,Time Travel,Other,8,Other
7700,Hindi,56.98,Comedy,Amitabh Bachchan,35,Other
8500,Hindi,56.95,Drama,Other,20,Rajkumar Santoshi
8600,Hindi,56.76,Comedy,Other,25,Rajkumar Santoshi
7000,Tamil,56.7,Drama,Other,8,Other
8100,Tamil,56.7,Slapstick,Joseph Vijay,45,Other
8200,Tamil,56.58,Cop,Suriya,15,Hari
6500,Malayalam,56.55,Drama,Mammootty,15,Other
8700,Hindi,56.55,Action,John Abraham,35,Nishikant Kamat
7500,Telugu,56.25,Comedy,Other,50,Other
7600,Tamil,56.24,Comedy,Joseph Vijay,10,Other
7800,Hindi,56.16,Drama,Sanjay Dutt,3,Other
11000,Kannada,56.1,Action,Other,45,Other
11000,Hindi,56.1,Comedy,Rajkummar Rao,45,Other
8900,Tamil,56.07,Action,Ajith Kumar,60,Siva
10000,Hindi,56.0,Action,Ajay Devgn,70,Rohit Shetty
6500,Malayalam,55.9,Comedy,Mohanlal,0,Priyadarshan
8600,Tamil,55.9,Action,Dhanush,100,Other
9000,Hindi,55.8,Comedy,Shah Rukh Khan,25,Aziz Mirza
6800,Tamil,55.76,Drama,Vikram,20,Other
8200,Telugu,55.76,Action,Other,40,Other
8200,Hindi,55.76,Comedy,Other,18,Other
8400,Hindi,55.44,Comedy,Other,12,Other
8500,Hindi,55.25,Comedy,Saif Ali Khan,40,Other
8500,Hindi,55.25,Action,Other,16,Other
9500,Telugu,55.1,Action,Mahesh Babu,75,Other
9500,Malayalam,55.1,Action,Mohanlal,100,Priyadarshan
8100,Malayalam,55.08,Action,Mammootty,25,Other
8100,Hindi,55.08,Drama,Kangana Ranaut,49,Other
9800,Hindi,54.88,Drama,Other,45,Nikkhil Advani
7600,Tamil,54.72,Action,Rajinikanth,19,Other
7000,Bengali,54.6,Drama,Other,0,Satyajit Ray
8400,Hindi,54.6,Drama,Akshay Kumar,9,Other
6200,Malayalam,54.56,Comedy,Mohanlal,0,Other
6900,Malayalam,54.51,Action,Other,5,Lijo Jose Pellissery
6800,Malayalam,54.4,Crime,Other,5,Other
8000,Hindi,54.4,Drama,Other,14,Shaad Ali
16000,Hindi,54.4,Action,John Abraham,70,Other
16000,Hindi,54.4,Drama,Other,35,Vidhu Vinod Chopra
8100,Hindi,54.27,Drama,Amitabh Bachchan,45,R Balki
6600,Tamil,54.12,Comedy,Vijay Sethupathi,2,Other
8200,Telugu,54.12,Action,Allu Arjun,50,Other
15000,Hindi,54.0,Action,Akshay Kumar,165,Farhad Samji
7600,Telugu,53.96,Crime,Other,18,Other
6500,Malayalam,53.95,Comedy,Mammootty,6,Other
8700,Hindi,53.94,Drama,Other,48,Other
7700,Hindi,53.9,Drama,Amitabh Bachchan,45,Sooraj R. Barjatya
11000,Hindi,53.9,Comedy,Akshay Kumar,85,Farhad Samji
8800,Malayalam,53.68,Action,Dulquer Salmaan,50,Other
8800,Hindi,53.68,Action,Aamir Khan,6,Other
8000,Hindi,53.6,Crime,Amitabh Bachchan,35,Ram Gopal Varma
7500,Telugu,53.25,Action,Pawan Kalyan,30,Other
7500,Hindi,53.25,Adventure,Other,20,Other
7600,Hindi,53.2,Comedy,Other,30,Other
6700,Malayalam,52.93,Comedy,Other,5,Other
6700,Tamil,52.93,Action,Other,25,K.V. Anand
6000,Telugu,52.8,Romantic,Other,6,Other
8500,Hindi,52.7,Romantic,Saif Ali Khan,23,Siddharth Anand
6500,Malayalam,52.65,Mystery,Mammootty,0,Other
7100,Tamil,52.54,Romantic,Dulquer Salmaan,15,Mani Ratnam
8900,Telugu,52.51,Action,Ram Charan,35,Vamshi Paidipally
7600,Hindi,52.44,Crime,Emraan Hashmi,12,Other
7600,Telugu,52.44,Action,Ravi Teja,35,Other
6800,Malayalam,52.36,Crime,Other,12,Other
6700,Hindi,52.26,Comedy,Other,8,Other
7800,Hindi,52.26,Action,Other,2,Other
6000,Tamil,52.2,Drama,Other,8,Other
8700,Telugu,52.2,Comedy,Other,8,Other
6600,Tamil,52.14,Romantic,Other,8,Other
8400,Hindi,52.08,Romantic,Abhishek Bachchan,20,Shaad Ali
6500,Telugu,52.0,Comedy,Other,50,Vamshi Paidipally
6400,Bengali,51.84,Action,Other,4,Srijit Mukherji
7200,Tamil,51.84,Action,Other,50,Mani Ratnam
7100,Hindi,51.83,Drama,Other,7,Other
7300,Telugu,51.83,Action,Allu Arjun,50,Trivikram Srinivas
11000,Hindi,51.7,Drama,Kartik Aaryan,32,Imtiaz Ali
6700,Hindi,51.59,Tragedy,Other,10,Nishikant Kamat
7800,Hindi,51.48,Action,Sanjay Dutt,32,Vidhu Vinod Chopra
9700,Hindi,51.41,Parody,Ajay Devgn,40,Rohit Shetty
6500,Telugu,51.35,Drama,Other,3,Sekhar Kammula
7000,Telugu,51.1,Heist,Allu Arjun,40,Trivikram Srinivas
8800,Hindi,51.04,Comedy,Kartik Aaryan,35,Other
6300,Telugu,51.03,Thriller,Other,2,Other
8100,Hindi,51.03,Thriller,Emraan Hashmi,13,Mohit Suri
7500,Hindi,51.0,Comedy,Other,7,Other
10000,Hindi,51.0,Action,Varun Dhawan,41,David Dhawan
6600,Malayalam,50.82,Comedy,Other,4,Other
8900,Hindi,50.73,Romantic,Imran Khan,24,Other
11000,Hindi,50.6,Drama,Other,41,Other
23000,Hindi,50.6,Action,Other,80,Other
6400,Hindi,50.56,Drama,Other,5,Nagesh Kukunoor
7900,Tamil,50.56,Cop,Suriya,45,Hari
7000,Hindi,50.4,Crime,Kangana Ranaut,8,Anurag Basu
8400,Hindi,50.4,Political,Other,35,Other
6800,Telugu,50.32,Action,Pawan Kalyan,25,Trivikram Srinivas
6800,Tamil,50.32,Romance,Dhanush,18,Other
6200,Telugu,50.22,Romantic,Pawan Kalyan,12,Other
7600,Hindi,50.16,Fantasy,Other,30,Other
8800,Hindi,50.16,Action,Sidharth Malhotra,55,Other
8200,Hindi,50.02,Comedy,Shahid Kapoor,35,Other
8900,Hindi,49.84,Action,Shah Rukh Khan,10,Other
6000,Hindi,49.8,Comedy,Other,1,Other
6300,Tamil,49.77,Action,Kamal Haasan,12,Other
7900,Hindi,49.77,Drama,Other,8,Other
6900,Hindi,49.68,Crime,Other,8,Other
6200,Telugu,49.6,Drama,Other,18,Other
8000,Telugu,49.6,Action,Chiranjeevi,140,Other
7400,Telugu,49.58,Horror,Other,15,Other
8200,Malayalam,49.2,Horror,Mammootty,25,Other
7000,Hindi,49.0,Comedy,Other,5,Other
6200,Telugu,48.98,Action,Ravi Teja,140,Surender Reddy
6700,Telugu,48.91,Action,Prabhas,35,Koratala Siva
7300,Kannada,48.91,Action,Other,20,Other
7300,Hindi,48.91,Drama,Other,12,Other
9400,Hindi,48.88,Cop,John Abraham,55,Other
6600,English,48.84,Drama,Other,8,Other
6600,Hindi,48.84,Crime,Other,8,Other
6100,Malayalam,48.8,Comedy,Kunchacko Boban,8,Other
6100,Malayalam,48.8,Biography,Prithviraj Sukumaran,13,Other
6400,Hindi,48.64,Legal,John Abraham,35,Other
7700,Hindi,48.51,Action,Sidharth Malhotra,50,Raj & DK
7700,Hindi,48.51,Drama,Other,27,Other
5500,Bengali,48.4,Biography,Other,12,Other
8200,Hindi,48.38,Comedy,Other,35,Other
7000,Malayalam,48.3,Thriller,Mammootty,28,Other
6700,Telugu,48.24,Thriller,Other,20,Other
6700,Telugu,48.24,Mystery,Other,8,Other
7200,Hindi,48.24,Drama,Emraan Hashmi,37,Mohit Suri
6600,Tamil,48.18,Crime,Other,25,Other
6500,Hindi,48.1,Comedy,Other,10,Other
7400,Hindi,48.1,Comedy,Naseeruddin Shah,3,Other
5700,Tamil,47.88,Action,Other,5,Other
6300,Tamil,47.88,Romantic,Other,25,Atlee
5900,Tamil,47.79,Comedy,Other,10,Other
7700,Hindi,47.74,Action,Taapsee Pannu,33,Other
14000,Hindi,47.6,Comedy,Other,42,Other
9500,Hindi,47.5,Action,Akshay Kumar,91,Prabhu Deva
6500,Hindi,47.45,Romantic,Aamir Khan,2,Other
11000,Tamil,47.3,Adventure,Joseph Vijay,118,Other
11000,Hindi,47.3,Comedy,Rajkummar Rao,35,Other
11000,Hindi,47.3,Action,Ajay Devgn,55,Other
6300,Malayalam,47.25,Action,Kunchacko Boban,18,Other
6300,Hindi,47.25,Drama,Other,8,Other
7500,Telugu,47.25,Action,Other,8,Other
6200,Telugu,47.12,Drama,Other,8,Other
8400,Hindi,47.04,Biography,Taapsee Pannu,35,Srijit Mukherji
6900,Telugu,46.92,Action,N.T. Rama Rao Jr.,100,Other
7200,Hindi,46.8,Comedy,Ajay Devgn,25,Other
7800,Hindi,46.8,Crime,Anil Kapoor,38,Sanjay Gupta
7900,Tamil,46.61,Cop,Rajinikanth,200,A.R. Murugadoss
6200,Hindi,46.5,Biography,Taapsee Pannu,35,Other
5800,Telugu,46.4,Drama,Other,20,Sekhar Kammula
6100,Bengali,46.36,Action,Other,15,Other
6100,Telugu,46.36,Action,Prabhas,8,S.S. Rajamouli
8100,Hindi,46.17,Cop,John Abraham,50,Other
10000,Hindi,46.0,Slapstick,Akshay Kumar,75,Farhad Samji
5600,Telugu,45.92,Comedy,Other,5,Other
5400,Tamil,45.9,Comedy,Kamal Haasan,4,Other
7400,Hindi,45.88,Action,Sanjay Dutt,41,Rohit Shetty
6100,Hindi,45.75,Comedy,Other,6,Other
6100,Hindi,45.75,Comedy,Other,9,Other
7600,Telugu,45.6,Horror,Other,8,Other
12000,Hindi,45.6,Action,Kangana Ranaut,90,Other
5300,Malayalam,45.58,Drama,Mohanlal,1,Other
6900,Hindi,45.54,Comedy,Abhishek Bachchan,18,Other
6400,Hindi,45.44,Documentary,Other,2,Dibakar Banerjee
5900,Malayalam,45.43,Comedy,Other,6,Other
7200,Kannada,45.36,Action,Other,45,Other
8400,Telugu,45.36,Comedy,Other,50,Other
6200,Malayalam,45.26,Action,Other,12,Other
6200,Marathi,45.26,Mystery,Other,8,Other
7300,Hindi,45.26,Action,Salman Khan,6,David Dhawan
7300,Hindi,45.26,Comedy,Ajay Devgn,10,Indra Kumar
6100,Telugu,45.14,Romantic,Other,14,Sekhar Kammula
5500,Bengali,45.1,Drama,Other,35,Satyajit Ray
7500,Tamil,45.0,Cop,Suriya,75,Hari
8600,Hindi,44.72,Drama,Ranbir Kapoor,40,Sanjay Leela Bhansali
7200,Tamil,44.64,Thriller,Suriya,60,K.V. Anand
12000,Hindi,44.4,Action,Varun Dhawan,65,David Dhawan
5400,Telugu,44.28,Crime,Other,5,Other
5900,Hindi,44.25,Mystery,Other,11,Other
5600,Hindi,44.24,Comedy,Other,4,Other
5600,Tamil,44.24,Action,Joseph Vijay,12,Other
6500,Malayalam,44.2,Crime,Tovino Thomas,8,Other
6800,Hindi,44.2,Cop,Aditya Roy Kapoor,50,Other
6800,Hindi,44.2,Comedy,Other,12,Other
6400,Malayalam,44.16,Action,Tovino Thomas,20,Other
6300,Tamil,44.1,Drama,Other,3,Other
5800,Tamil,44.08,Tech,Vishal,25,Other
5500,Malayalam,44.0,Crime,Other,4,Other
11000,Tamil,44.0,Action,Rajinikanth,165,Siva
5300,Bengali,43.99,Drama,Other,0,Satyajit Ray
5700,Malayalam,43.89,Drama,Other,13,Other
7700,Hindi,43.89,Romantic,Other,60,Siddharth Anand
5400,Malayalam,43.74,Action,Other,5,Other
5600,Hindi,43.68,Horror,Other,4,Ram Gopal Varma
5900,Malayalam,43.66,Action,Other,6,Other
6600,Tamil,43.56,Action,Vikram,150,Other
6700,Hindi,43.55,Action,Akshay Kumar,4,Other
6700,Hindi,43.55,Comedy,Amitabh Bachchan,55,Other
5800,Tamil,43.5,Action,Vishal,45,Other
6300,Hindi,43.47,Political,Other,40,Other
6900,Hindi,43.47,Comedy,Akshay Kumar,11,David Dhawan
5300,Tamil,43.46,Drama,Joseph Vijay,4,Other
5100,Telugu,43.35,Family,Other,5,Other
5400,Tamil,43.2,Romantic,Other,10,Other
6000,English,43.2,Drama,Abhay Deol,20,Other
8000,Hindi,43.2,Comedy,Shah Rukh Khan,18,Other
5200,Malayalam,43.16,Drama,Mammootty,10,Other
8300,Hindi,43.16,Adventure,Saif Ali Khan,65,Sriram Raghavan
5600,Malayalam,43.12,Comedy,Fahadh Faasil,6,Other
5900,Hindi,43.07,Action,Other,9,Other
5000,Malayalam,43.0,Comedy,Mohanlal,1,Priyadarshan
10000,Hindi,43.0,Action Epic,Akshay Kumar,80,Nikkhil Advani
5300,Malayalam,42.93,Comedy,Other,4,Other
7400,Hindi,42.92,Romantic,Other,32,Other
6600,Hindi,42.9,Comedy,Other,30,Other
6400,Hindi,42.88,History,John Abraham,40,Other
5100,Malayalam,42.84,Drama,Mohanlal,3,Other
5100,Malayalam,42.84,Action,Mohanlal,55,Other
6800,Hindi,42.84,Comedy,Other,24,Vishal Bhardwaj
8900,Hindi,42.72,Action,Deepika Padukone,50,Other
5400,Hindi,42.66,Drama,Other,7,Other
7900,Hindi,42.66,Drama,Sidharth Malhotra,50,Other
5800,Hindi,42.34,Biography,Other,31,Shaad Ali
5100,Telugu,42.33,Drama,Pawan Kalyan,25,Other
5600,Hindi,42.0,Crime,Other,2,Other
5600,Telugu,42.0,Comedy,Other,4,Other
7000,Tamil,42.0,Crime,Other,8,Other
15000,Hindi,42.0,Caper,Akshay Kumar,45,Other
7100,Hindi,41.89,Comedy,Kangana Ranaut,32,Other
5500,Marathi,41.8,Drama,Other,3,Other
5700,Telugu,41.61,Drama,Other,20,Other
5700,Hindi,41.61,Biography,Other,30,Other
5700,Hindi,41.61,Comedy,Abhay Deol,7,Other
5200,Tamil,41.6,Time Travel,Other,8,Other
5400,Hindi,41.58,Drama,Ajay Devgn,8,Other
5400,Tamil,41.58,Comedy,Other,5,Other
6300,Hindi,41.58,Romantic,Salman Khan,7,Other
6600,Tamil,41.58,Action,Suriya,60,Other
9000,Hindi,41.4,Action,Salman Khan,80,Other
5900,Malayalam,41.3,Kung Fu,Other,8,Other
5500,Malayalam,41.25,Action,Nivin Pauly,4,Other
5200,Malayalam,41.08,Action,Dulquer Salmaan,8,Other
5200,Tamil,41.08,Action,Suriya,15,Mani Ratnam
6300,Hindi,40.95,Mystery,Vidya Balan,25,Other
6300,Hindi,40.95,Crime,Other,32,Other
6200,Hindi,40.92,Drama,Other,15,Other
6600,Hindi,40.92,Crime,Other,20,Other
6600,Tamil,40.92,Action,Other,75,K.V. Anand
5600,Hindi,40.88,Drama,Rajkummar Rao,7,Hansal Mehta
5300,Hindi,40.81,Action,Sunny Deol,2,Rajkumar Santoshi
4800,Malayalam,40.8,Action,Mohanlal,10,Priyadarshan
4800,Tamil,40.8,Action,Kamal Haasan,8,Other
5500,Punjabi,40.7,Action,Other,25,Other
4900,Tamil,40.67,Action,Other,270,Other
5400,Hindi,40.5,Crime,Other,3,Other
7500,Hindi,40.5,Biography,Other,65,Other
4700,Tamil,40.42,Crime,Kamal Haasan,3,Other
5600,Malayalam,40.32,Crime,Other,6,Other
5100,Hindi,40.29,Comedy,Other,3,Other
5100,Tamil,40.29,Political,Karthi,12,Other
7900,Telugu,40.29,Action,Chiranjeevi,100,Other
6100,Tamil,40.26,Action,Vishal,45,Other
6000,Hindi,40.2,Thriller,Other,10,Other
6000,Tamil,40.2,Action Epic,Other,35,Other
6700,Telugu,40.2,Cop,Allu Arjun,50,Other
5500,Hindi,40.15,Legal,Other,15,Other
5500,Telugu,40.15,Action,Other,20,Other
5800,Hindi,40.02,Comedy,Other,12,Other
5400,Malayalam,39.96,Comedy,Mammootty,12,Lijo Jose Pellissery
5400,Hindi,39.96,Action,Ajay Devgn,18,Prakash Jha
5700,Hindi,39.9,Comedy,Vidya Balan,20,Other
4800,Tamil,39.84,Action,Kamal Haasan,4,Other
5100,Hindi,39.78,Comedy,Other,7,Other
7100,Hindi,39.76,Comedy,Other,30,Other
6300,Hindi,39.69,Crime,Emraan Hashmi,18,Other
6100,Telugu,39.65,Comedy,Other,12,Other
5500,Hindi,39.6,Action,Saif Ali Khan,45,Other
5500,Tamil,39.6,Action,Vijay Sethupathi,18,Other
5500,Telugu,39.6,Action,Other,10,Other
5000,English,39.5,Drama,Other,4,Other
5800,Hindi,39.44,Romantic,Amitabh Bachchan,18,R Balki
4800,Malayalam,39.36,Psychological,Other,4,Other
5700,Hindi,39.33,Drama,Aamir Khan,7,Other
5700,Hindi,39.33,Documentary,Other,30,Ram Gopal Varma
5300,Telugu,39.22,Action,Other,25,Other
4900,Telugu,39.2,Comedy,Other,8,Other
7000,Hindi,39.2,Family,Vicky Kaushal,40,Other
6200,Hindi,39.06,Adventure,Other,35,Other
6100,Hindi,39.04,Comedy,Other,28,Other
4700,Hindi,39.01,Comedy,Other,0,Other
8300,Hindi,39.01,Drama,Other,35,Mohit Suri
7800,Hindi,39.0,Romantic,Other,50,Other
5900,Hindi,38.94,Comedy,Aamir Khan,3,Indra Kumar
5900,Hindi,38.94,Crime,Rani Mukerji,18,Karan Johar
6600,Malayalam,38.94,Action,Prithviraj Sukumaran,30,Other
5400,Marathi,38.88,Drama,Other,15,Other
5800,Malayalam,38.86,Action,Mammootty,10,Other
5700,Kannada,38.76,Action,Other,60,Upendra
6800,English,38.76,Road Trip,Deepika Padukone,39,Other
4500,Malayalam,38.7,Comedy,Other,100,Other
4600,Hindi,38.64,Drama,Naseeruddin Shah,1,Other
5600,Malayalam,38.64,Action,Dulquer Salmaan,6,Other
4700,Tamil,38.54,Comedy,Kamal Haasan,14,K.S. Ravikumar
5000,Telugu,38.5,Action,Ravi Teja,11,S.S. Rajamouli
5200,Malayalam,38.48,Comedy,Other,8,Other
6200,Hindi,38.44,Action,John Abraham,45,Other
6300,Hindi,38.43,Comedy,Aditya Roy Kapoor,30,Other
6300,Hindi,38.43,Romantic,Ayushmann Khurrana,22,Other
4800,Malayalam,38.4,Action,Other,8,Other
6400,Hindi,38.4,Action,Akshay Kumar,7,Other
6500,Hindi,38.35,Drama,Shahid Kapoor,48,Other
4300,Kannada,38.27,Crime,Other,2,Upendra
5100,Hindi,38.25,Romance,Other,6,Other
4600,Telugu,38.18,Romantic,Other,8,Other
8300,Hindi,38.18,Horror,Other,12,Other
7200,Hindi,38.16,Action,Shahid Kapoor,60,Prabhu Deva
6100,Hindi,37.82,Crime,Other,20,Other
6100,Hindi,37.82,Drama,Amitabh Bachchan,55,Prakash Jha
6200,Hindi,37.82,Action,Other,20,Other
4500,Tamil,37.8,Drama,Other,1,Mani Ratnam
5900,Hindi,37.76,Romance,Other,29,Other
4600,Kannada,37.72,Drama,Other,6,Other
6600,Hindi,37.62,Comedy,Other,12,David Dhawan
6700,Tamil,37.52,Action,Rajinikanth,120,K.S. Ravikumar
5000,Malayalam,37.5,Action,Fahadh Faasil,10,Amal Neerad
4800,Hindi,37.44,Drama,Other,12,Other
4800,Telugu,37.44,Crime,Other,8,Other
4600,Hindi,37.26,Comedy,Other,0,Other
4900,Telugu,37.24,Action,Nani,35,Vikram K. Kumar
4900,Hindi,37.24,Political,Other,35,Ram Gopal Varma
5300,Telugu,37.1,Comedy,Taapsee Pannu,8,Other
6500,Hindi,37.05,Comedy,Amitabh Bachchan,30,R Balki
10000,Malayalam,37.0,Action,Mohanlal,25,Other
4800,Tamil,36.96,Drama,Other,5,Other
4800,Malayalam,36.96,Action,Mammootty,8,Other
5600,Hindi,36.96,Crime,Amitabh Bachchan,24,Sanjay Gupta
4700,Hindi,36.66,Drama,Other,0,Other
4700,Telugu,36.66,Drama,Mahesh Babu,8,Other
8300,Hindi,36.52,Action,Akshay Kumar,45,Other
8900,English,36.49,Comedy,Other,45,Other
6500,Hindi,36.4,Comedy,Other,22,Abbas-Mustan
6600,Hindi,36.3,Action,Ranbir Kapoor,120,Anurag Kashyap
8400,Hindi,36.12,Quest,Ajay Devgn,90,Indra Kumar
4500,Kannada,36.0,Action,Rakshit Shetty,12,Other
4500,Bengali,36.0,Drama,Other,1,Satyajit Ray
4500,Telugu,36.0,Comedy,Other,8,Other
4800,Hindi,36.0,Drama,Other,10,Other
4800,Hindi,36.0,Drama,Other,6,Sanjay Leela Bhansali
5000,Tamil,36.0,Action,Sivakarthikeyan,75,Other
10000,Kannada,36.0,Action,Other,25,Other
4600,Hindi,35.88,Quest,Other,35,Nagesh Kukunoor
6400,Hindi,35.84,Comedy,Other,44,Vishal Bhardwaj
4400,Bengali,35.64,Comedy,Other,2,Other
5400,Telugu,35.64,Psychological,Other,8,Other
4500,Kannada,35.55,Action,Other,25,Other
4800,Hindi,35.52,Crime,Irrfan Khan,10,Other
7400,Hindi,35.52,Action,Other,45,Other
5000,Telugu,35.5,Action,N.T. Rama Rao Jr.,30,Vamshi Paidipally
4600,Hindi,35.42,Drama,Other,8,Other
4200,Telugu,35.28,Drama,Other,6,Other
4900,Telugu,35.28,Action,N.T. Rama Rao Jr.,2,S.S. Rajamouli
4900,Telugu,35.28,Comedy,Other,50,Other
4300,Tamil,35.26,Romance,Karthi,2,Other
5500,Tamil,35.2,Action,Dhanush,35,Other
5400,Tamil,35.1,Drama,Other,8,Other
4800,Hindi,35.04,Biography,Nawazuddin Siddiqui,20,Other
4600,Malayalam,34.96,Action,Nivin Pauly,5,Other
8500,Hindi,34.85,Comedy,Ranveer Singh,70,Other
4700,Gujarati,34.78,Drama,Other,8,Other
6100,Hindi,34.77,Biography,Emraan Hashmi,38,Other
6200,Hindi,34.72,Action,Shahid Kapoor,32,Vikram Bhatt
4500,Malayalam,34.65,Drama,Mammootty,6,Other
4500,Tamil,34.65,Drama,Dhanush,18,K. Selvaraghavan
4800,Hindi,34.56,Romantic,Aamir Khan,2,Other
4600,Malayalam,34.5,Drama,Mammootty,15,Other
4600,Malayalam,34.5,Drama,Nivin Pauly,4,Other
4100,Kannada,34.44,Comedy,Other,2,Other
4200,Bengali,34.44,Thriller,Other,6,Srijit Mukherji
3900,Kannada,34.32,Drama,Other,4,Upendra
7800,Hindi,34.32,Action,Akshay Kumar,85,Milan Luthria
5100,Malayalam,34.17,Action,Other,20,Other
6700,Hindi,34.17,Comedy,Hrithik Roshan,28,Other
5600,Tamil,34.16,Thriller,Dhanush,60,K. Selvaraghavan
6100,Hindi,34.16,Comedy,Salman Khan,35,David Dhawan
5500,Hindi,34.1,Action,Sunny Deol,50,Other
5500,Telugu,34.1,Action,Ravi Teja,40,Other
5500,Tamil,34.1,Action Epic,Rajinikanth,125,Other
6200,Hindi,34.1,Suspense,Akshay Kumar,60,Nagesh Kukunoor
4800,Telugu,34.08,Legal,Other,8,Other
4300,Tamil,33.97,Romance,Ajith Kumar,5,Other
4400,Assamese,33.88,Drama,Other,5,Other
4400,Telugu,33.88,Comedy,Nani,8,Other
4700,Hindi,33.84,Action,Other,28,Vishal Bhardwaj
4500,Hindi,33.75,Action,Sunny Deol,6,Rajkumar Santoshi
5100,Telugu,33.66,Action,Other,30,Other
4100,Malayalam,33.62,Comedy,Other,6,Lijo Jose Pellissery
4200,Malayalam,33.6,Drama,Other,6,Other
4800,Telugu,33.6,Comedy,Prabhas,28,Other
4600,Malayalam,33.58,Action,Mohanlal,7,Priyadarshan
5500,Hindi,33.55,Action,Other,28,Other
4300,Telugu,33.54,Comedy,Other,10,Other
5300,Tamil,33.39,Action,Vishal,25,Other
6300,Tamil,33.39,Crime,Suriya,75,Other
6300,Hindi,33.39,Comedy,Shahid Kapoor,29,Aziz Mirza
3900,Tamil,33.15,Comedy,Rajinikanth,12,Other
5100,Tamil,33.15,Action,Joseph Vijay,18,Other
4600,Malayalam,33.12,Crime,Other,18,Other
4800,Gujarati,33.12,Drama,Other,12,Other
4800,Tamil,33.12,Action,Vikram,55,Mani Ratnam
4300,Malayalam,33.11,Action,Mammootty,8,Amal Neerad
4400,Hindi,33.0,Cop,Amitabh Bachchan,60,Other
6100,Hindi,32.94,Horror,Vicky Kaushal,35,Other
4700,Telugu,32.9,Romantic,Other,35,Other
5300,Tamil,32.86,Drama,Other,10,Other
4100,Telugu,32.8,Action,Other,2,Ram Gopal Varma
4200,Hindi,32.76,Legal,Other,2,Rajkumar Santoshi
5200,Telugu,32.76,Action,N.T. Rama Rao Jr.,50,Other
5200,Hindi,32.76,Crime,Other,12,Other
6300,Hindi,32.76,Action,Other,100,Ashutosh Gowariker
3800,Kannada,32.68,Drama,Other,5,Other
3700,Tamil,32.56,Drama,Kamal Haasan,1,Other
4400,Marathi,32.56,Drama,Other,8,Other
4400,Telugu,32.56,Comedy,Prabhas,18,Other
5500,Hindi,32.45,Political,Amitabh Bachchan,75,Prakash Jha
5900,Hindi,32.45,Action,Shah Rukh Khan,24,Other
4100,Tamil,32.39,Comedy,Kamal Haasan,14,Other
3900,Telugu,32.37,Action,Other,20,Other
3800,Punjabi,32.3,Romance,Other,5,Other
5100,Tamil,32.13,Drama,Dulquer Salmaan,35,Other
5000,Hindi,32.0,Comedy,Other,18,Other
3900,Tamil,31.98,Action,Other,5,Other
4100,Telugu,31.98,Romance,Other,8,Prabhu Deva
4100,Telugu,31.98,Action,Other,30,Other
4700,Telugu,31.96,Romance,Other,30,Sekhar Kammula
4500,Hindi,31.95,Action,Other,8,Other
5600,Tamil,31.92,Action,Suriya,70,K. Selvaraghavan
5600,Hindi,31.92,Action,Other,45,Other
5500,Hindi,31.9,Crime,Other,18,Other
5400,Hindi,31.86,Comedy,Emraan Hashmi,30,Other
7400,Hindi,31.82,Romantic,Akshay Kumar,65,Vipul Amrutlal Shah
5200,Tamil,31.72,Action,Vishal,55,Other
4400,Telugu,31.68,Mystery,Other,12,Other
4400,Malayalam,31.68,Action,Prithviraj Sukumaran,15,Other
6600,Hindi,31.68,Comedy,Akshay Kumar,35,Anees Bazmee
5100,Hindi,31.62,Comedy,Rajkummar Rao,35,Other
4000,Telugu,31.6,Drama,Other,5,Other
3800,Telugu,31.54,Drama,Other,3,Radha Krishna Jagarlamudi
3800,Punjabi,31.54,Comedy,Other,4,Other
3800,Tamil,31.54,Comedy,Other,5,Other
4200,Hindi,31.5,Comedy,Other,1,Satyajit Ray
4200,Telugu,31.5,Comedy,Nani,20,Other
4500,Malayalam,31.5,Action,Dulquer Salmaan,18,Other
3700,Tamil,31.45,Drama,Other,8,Other
3700,Malayalam,31.45,Drama,Mohanlal,15,Other
4900,Malayalam,31.36,Drama,Kunchacko Boban,6,Other
6400,Telugu,31.36,Drama,Other,8,Other
4400,Malayalam,31.24,Drama,Other,10,Other
3900,Tamil,31.2,Drama,Other,18,Karthik Subbaraj
6500,Telugu,31.2,Action,Other,110,Other
5100,Telugu,31.11,Mystery,Other,15,Other
4500,Telugu,31.05,Crime,Other,4,Other
6900,Hindi,31.05,Comedy,Other,35,Indra Kumar
5000,Tamil,31.0,Action,Karthi,40,Other
4300,Tamil,30.96,Comedy,Other,22,S. Shankar
4900,Kannada,30.87,Action,Other,45,Other
3500,Punjabi,30.8,Drama,Other,10,Other
5600,Hindi,30.8,Comedy,Salman Khan,13,Abbas-Mustan
14000,Hindi,30.8,Action,Other,85,Other
3800,Tamil,30.78,Crime,Other,3,H. Vinoth
5400,Telugu,30.78,Action,Other,70,Venkat Prabhu
5700,Urdu,30.78,Drama,Aditya Roy Kapoor,70,Abhishek Kapoor
5700,Hindi,30.78,Drama,Other,18,Other
5200,Tamil,30.68,Action,Suriya,45,Venkat Prabhu
5900,Hindi,30.68,Comedy,Salman Khan,45,Nikkhil Advani
3600,Malayalam,30.6,Adventure,Other,8,Other
6500,Hindi,30.55,Sport,Other,45,Other
4300,Tamil,30.53,Biography,Other,30,Other
7100,Hindi,30.53,Action,John Abraham,88,Anees Bazmee
3900,Hindi,30.42,Action,Other,2,Vidhu Vinod Chopra
4400,Tamil,30.36,Comedy,Other,15,Other
4600,Malayalam,30.36,Comedy,Prithviraj Sukumaran,35,Other
4100,Hindi,30.34,Drama,Other,6,Other
4100,Kannada,30.34,Family,Other,10,Other
3400,Malayalam,30.26,Drama,Mammootty,1,Other
3400,Telugu,30.26,Comedy,Other,1,Other
5500,Tamil,30.25,Action,Other,25,Other
4200,Hindi,30.24,Crime,Other,7,Other
4200,Hindi,30.24,Crime,Other,10,Raj & DK
5800,Tamil,30.16,Action,Joseph Vijay,30,Other
4300,Hindi,30.1,Action,Ajay Devgn,35,Priyadarshan
3900,Malayalam,30.03,Drama,Other,4,Other
4000,Hindi,30.0,Drama,Other,8,Anubhav Sinha
3700,Tamil,29.97,Action,Other,20,Other
4200,Tamil,29.82,Drama,Suriya,12,Other
11000,Hindi,29.7,Dystopian Sci-Fi,Other,200,Vikas Bahl
3800,Malayalam,29.64,Comedy,Other,2,Other
3900,Tamil,29.64,Drama,Ajith Kumar,10,Other
3900,Telugu,29.64,Biography,Mammootty,25,Other
3700,Gujarati,29.6,Comedy,Other,5,Other
4000,Kannada,29.6,Crime,Other,4,Other
5100,Telugu,29.58,Action,Other,100,Other
4400,Telugu,29.48,Comedy,Ram Charan,40,Other
3500,Telugu,29.4,Time Travel,Other,2,Other
4200,Malayalam,29.4,Action,Other,20,Other
4800,Hindi,29.28,Romantic,Shahid Kapoor,5,Other
7700,Hindi,29.26,Action,Akshay Kumar,60,Other
3900,Malayalam,29.25,Comedy,Other,4,Other
4500,Telugu,29.25,Drama,Other,18,Other
3400,Tamil,29.24,Tragedy,Kamal Haasan,1,Other
4300,Telugu,29.24,Comedy,Vijay Deverakonda,15,Other
3700,Hindi,29.23,Tragedy,Ajay Devgn,5,Other
3700,Telugu,29.23,Boxing,Other,5,Other
3700,Tamil,29.23,Comedy,Other,18,Other
4000,Malayalam,29.2,Comedy,Other,8,Other
4000,Tamil,29.2,Comedy,Kamal Haasan,55,Other
3600,Punjabi,29.16,Drama,Other,7,Other
5400,Telugu,29.16,Action,Vijay Deverakonda,50,Other
5400,Hindi,29.16,Comedy,Other,20,David Dhawan
4700,Hindi,29.14,Crime,Emraan Hashmi,35,Other
6200,Hindi,29.14,Adventure,Ajay Devgn,25,Other
5200,Hindi,29.12,Cop,Salman Khan,23,Other
5200,Hindi,29.12,Action,Kangana Ranaut,80,Vishal Bhardwaj
5100,Tamil,29.07,Comedy,Vijay Sethupathi,15,Other
3500,Telugu,29.05,Action,Other,4,Other
3500,Tamil,29.05,Drama,Other,3,Other
4400,Hindi,29.04,Horror,Other,5,Vikram Bhatt
4400,Tamil,29.04,Horror,Other,18,Other
5000,Hindi,29.0,Action,Other,35,Prabhu Deva
4200,Hindi,28.98,Comedy,Other,8,Other
4600,Hindi,28.98,Drama,Nawazuddin Siddiqui,2,Other
4900,Telugu,28.91,Action,Ravi Teja,40,Other
3900,Tamil,28.86,Comedy,Vijay Sethupathi,12,Other
4000,Telugu,28.8,Action,Other,9,Other
4500,Hindi,28.8,Action,Other,40,Other
5400,Hindi,28.62,Political,Sidharth Malhotra,65,Neeraj Pandey
3800,Kannada,28.5,Crime,Other,8,Other
3800,Tamil,28.5,Action,Rajinikanth,8,K.S. Ravikumar
3700,Telugu,28.49,Comedy,Nani,10,Other
3900,Malayalam,28.47,Drama,Other,8,Jeethu Joseph
3900,Malayalam,28.47,Comedy,Fahadh Faasil,10,Other
3900,Tamil,28.47,Mystery,Other,8,Other
3900,Tamil,28.47,Comedy,Other,10,Other
3900,Tamil,28.47,Action,Ajith Kumar,25,K.S. Ravikumar
3600,Malayalam,28.44,Drama,Fahadh Faasil,5,Lijo Jose Pellissery
5800,Hindi,28.42,Action,Shahid Kapoor,50,Rajkumar Santoshi
4000,Tamil,28.4,Action,Other,8,Other
4000,Hindi,28.4,Action,Sanjay Dutt,7,Other
3300,Tamil,28.38,Drama,Joseph Vijay,6,Other
4500,Tamil,28.35,Action,Vikram,72,Other
4800,Hindi,28.32,Action,Akshay Kumar,6,Other
4800,Hindi,28.32,Comedy,Other,4,Other
5900,Hindi,28.32,Action,Ajay Devgn,20,Other
4100,Telugu,28.29,Fantasy,Other,5,Other
4100,Telugu,28.29,Crime,Other,6,Other
3400,Gujarati,28.22,Comedy,Other,3,Other
3400,Malayalam,28.22,Drama,Mammootty,1,Other
9100,Tamil,28.21,Action,Joseph Vijay,18,Other
3200,Bengali,28.16,Comedy,Other,3,Satyajit Ray
4400,Hindi,28.16,Horror,Other,7,Vikram Bhatt
4200,Hindi,28.14,Action,Other,18,Other
4200,Tamil,28.14,Action,Dhanush,55,K.V. Anand
4200,Telugu,28.14,Family,Other,4,Other
3700,Tamil,28.12,Drama,Other,10,Other
5200,Telugu,28.08,Crime,Other,5,Other
5000,Malayalam,28.0,Action,Other,18,Other
4300,Telugu,27.95,Action,Pawan Kalyan,38,Other
3100,Telugu,27.9,Comedy,Other,8,Other
4500,Telugu,27.9,Drama,Other,5,Other
3400,Tamil,27.88,Drama,Kamal Haasan,3,Other
4100,Telugu,27.88,Romantic,Other,35,Trivikram Srinivas
3700,Bengali,27.75,Comedy,Other,4,Srijit Mukherji
3800,Telugu,27.74,Action,N.T. Rama Rao Jr.,8,S.S. Rajamouli
4700,Hindi,27.73,Comedy,Other,20,Other
4700,Hindi,27.73,Action,Other,70,Other
3300,Malayalam,27.72,Drama,Mohanlal,1,Other
4200,Hindi,27.72,Crime,Other,6,Anurag Kashyap
4200,Hindi,27.72,Comedy,Other,8,Other
4200,Malayalam,27.72,Crime,Other,18,Other
4400,Hindi,27.72,Thriller,Other,2,Other
8400,Hindi,27.72,Comedy,Other,12,Other
3900,Tamil,27.69,Action,Dhanush,28,Other
3900,Malayalam,27.69,Crime,Other,10,Other
3900,Hindi,27.69,Action,Rajkummar Rao,18,Hansal Mehta
3900,Telugu,27.69,Romantic,Allu Arjun,12,Other
4600,Hindi,27.6,Crime,Other,12,Other
5200,Hindi,27.56,Drama,Aditya Roy Kapoor,28,Shaad Ali
3400,Tamil,27.54,Drama,Other,8,Other
5100,Hindi,27.54,Crime,Salman Khan,63,Vipul Amrutlal Shah
4300,Hindi,27.52,Horror,Ajay Devgn,10,Ram Gopal Varma
5000,Hindi,27.5,Drama,Salman Khan,28,Priyadarshan
4900,Hindi,27.44,Crime,Other,35,Other
3700,Telugu,27.38,Horror,Other,14,Other
3800,Hindi,27.36,Action,Anil Kapoor,4,Vidhu Vinod Chopra
3800,Telugu,27.36,Romance,Other,25,Other
3800,Tamil,27.36,Action,Other,18,Other
4800,Hindi,27.36,Comedy,Other,20,Other
5700,Hindi,27.36,Drama,Shahid Kapoor,40,Other
3500,Malayalam,27.3,Comedy,Other,8,Other
3500,Telugu,27.3,Action,Other,25,Radha Krishna Jagarlamudi
4200,Tamil,27.3,Comedy,Other,20,S. Shankar
3100,Telugu,27.28,Drama,Other,5,Other
4400,Tamil,27.28,Comedy,Other,12,Other
4700,Hindi,27.26,Action,Other,28,Other
4600,Hindi,27.14,Action,Other,39,A.R. Murugadoss
3300,Tamil,27.06,Drama,Other,2,Mani Ratnam
4100,Hindi,27.06,Comedy,Other,10,Other
4100,Malayalam,27.06,Comedy,Other,28,Other
3700,Hindi,27.01,Crime,Other,8,Other
3700,Hindi,27.01,Comedy,Other,3,Other
3600,Malayalam,27.0,Drama,Other,5,Other
5000,Hindi,27.0,Comedy,Other,18,Other
9000,Hindi,27.0,Political,Other,28,Other
3800,Telugu,26.98,Action,Allu Arjun,18,Other
3500,Telugu,26.95,Romance,Other,12,Gautham Vasudev Menon
4200,Hindi,26.88,Action,Amitabh Bachchan,7,Other
3400,Kannada,26.86,Crime,Other,8,Other
4400,Hindi,26.84,Comedy,Other,12,Other
4700,Hindi,26.79,Horror,Emraan Hashmi,24,Other
3000,Kannada,26.7,Adventure,Other,20,Other
3000,Marathi,26.7,Action,Other,12,Other
4100,Telugu,26.65,Action,N.T. Rama Rao Jr.,38,Surender Reddy
3500,Malayalam,26.6,Drama,Other,7,Other
3500,Malayalam,26.6,Action,Mammootty,27,Other
3400,Bengali,26.52,Epic,Other,0,Other
3400,Telugu,26.52,Time Travel,Other,30,Other
4900,Hindi,26.46,Action,Abhishek Bachchan,60,Mani Ratnam
5400,Hindi,26.46,Action,Ajay Devgn,90,Milan Luthria
3000,Telugu,26.4,Drama,Other,12,Other
3300,Tamil,26.4,Drama,Vijay Sethupathi,6,Other
3500,Telugu,26.25,Action,Other,115,Other
3200,Bengali,26.24,Biography,Other,6,Other
3800,Telugu,26.22,Action,Other,8,Other
3900,Malayalam,26.13,Comedy,Dulquer Salmaan,12,Other
4500,Hindi,26.1,Comedy,Ayushmann Khurrana,20,Other
4200,Hindi,26.04,Action,Abhishek Bachchan,45,Other
4200,Telugu,26.04,Action,Other,18,Other
5100,Hindi,26.01,Comedy,Salman Khan,18,Other
5200,Tamil,26.0,Drama,Other,6,Other
4900,Hindi,25.97,Crime,Vidya Balan,30,Other
4400,Hindi,25.96,Comedy,Ajay Devgn,35,Other
3400,Malayalam,25.84,Adventure,Fahadh Faasil,5,Other
3800,Telugu,25.84,Action,Other,18,Other
3800,Hindi,25.84,Road Trip,John Abraham,12,Kabir Khan
4100,Hindi,25.83,Horror,Saif Ali Khan,9,Other
4300,Hindi,25.8,Action,John Abraham,60,Nikkhil Advani
3100,Telugu,25.73,Action,Other,4,Other
3200,Malayalam,25.6,Drama,Prithviraj Sukumaran,6,Other
4000,Hindi,25.6,Thriller,Other,15,Abbas-Mustan
8000,Hindi,25.6,Drama,Other,40,Other
3600,Telugu,25.56,Comedy,Other,8,Other
3500,Hindi,25.55,Drama,Other,6,Other
2900,English,25.52,Biography,Mammootty,12,Other
3000,Bengali,25.5,Drama,Other,2,Other
3400,Telugu,25.5,Adventure,Nani,5,Other
3400,Telugu,25.5,Action,Other,8,S.S. Rajamouli
3400,Tamil,25.5,Drama,Joseph Vijay,8,Other
5000,Hindi,25.5,Action,Other,50,Milan Luthria
3300,Telugu,25.41,Comedy,Other,10,Other
4600,Hindi,25.3,Thriller,Other,5,Anurag Basu
4600,Hindi,25.3,Romantic,Ayushmann Khurrana,22,Other
3200,Tamil,25.28,Drama,Other,4,K. Selvaraghavan
3200,Hindi,25.28,Comedy,Other,0,Other
3200,Telugu,25.28,Drama,Other,4,Other
3200,Telugu,25.28,Action,Chiranjeevi,18,Other
2900,Bengali,25.23,Adventure,Other,0,Satyajit Ray
3500,Kannada,25.2,Action,Other,45,Other
4200,Hindi,25.2,Comedy,Other,21,Other
4500,Hindi,25.2,Comedy,Anil Kapoor,70,Anees Bazmee
3400,Telugu,25.16,Action,Other,15,Other
3100,Tamil,25.11,Crime,Other,3,Other
3100,Telugu,25.11,Drama,Other,12,Other
3200,Malayalam,24.96,Crime,Kunchacko Boban,12,Other
4300,Hindi,24.94,Comedy,Sanjay Dutt,39,Other
4300,Telugu,24.94,Action,Chiranjeevi,50,Other
4700,Telugu,24.91,Action,Other,60,Other
3000,Telugu,24.9,Drama,Other,7,Mani Ratnam
3000,Bengali,24.9,Adventure,Other,0,Satyajit Ray
3500,Telugu,24.85,Romantic,Other,25,Other
3500,Tamil,24.85,Cop,Vijay Sethupathi,16,Other
3600,Malayalam,24.84,Drama,Fahadh Faasil,18,Other
3600,Malayalam,24.84,Comedy,Other,18,Other
4600,Hindi,24.84,Action,Shah Rukh Khan,18,Other
3400,Hindi,24.82,Caper,Other,12,Raj & DK
3400,Telugu,24.82,Drama,Other,25,Other
3100,Bengali,24.8,Biography,Other,4,Srijit Mukherji
3100,Telugu,24.8,Comedy,Other,5,Other
4000,Telugu,24.8,Drama,Other,35,Other
6700,Hindi,24.79,Comedy,Shahid Kapoor,70,Vikas Bahl
3300,Kannada,24.75,Comedy,Other,8,Other
4500,Tamil,24.75,Action,Other,15,Other
4100,Malayalam,24.6,Action,Mohanlal,65,Lijo Jose Pellissery
3900,Hindi,24.57,Action,Sanjay Dutt,12,David Dhawan
3500,Hindi,24.5,Romance,Other,15,Other
3500,Tamil,24.5,Horror,Other,3,Other
3100,Hindi,24.49,Drama,Other,12,Other
3100,Tamil,24.49,Comedy,Kamal Haasan,10,K.S. Ravikumar
3400,Tamil,24.48,Serial Killer,Other,10,Other
3600,Hindi,24.48,Comedy,Other,18,Other
3600,Hindi,24.48,Comedy,Other,6,Other
4700,Hindi,24.44,Romantic,Imran Khan,22,Other
3700,Tamil,24.42,Action,Karthi,25,Other
3700,Hindi,24.42,Comedy,Ajay Devgn,8,Anees Bazmee
4000,Hindi,24.4,Comedy,Other,11,Other
4000,Tamil,24.4,Crime,Other,35,Other
4000,Malayalam,24.4,Action,Other,10,Other
3200,Tamil,24.32,Crime,Other,4,Other
6400,Tamil,24.32,Drama,Other,25,Other
3000,Tamil,24.3,Romance,Vikram,3,Other
3000,Bengali,24.3,Drama,Other,0,Satyajit Ray
4100,Kannada,24.19,Action,Other,50,Other
4100,Malayalam,24.19,Action,Mammootty,27,Other
3100,Malayalam,24.18,Action,Mammootty,6,Other
3900,Malayalam,24.18,Comedy,Other,6,Other
3500,Hindi,24.15,Action,Amitabh Bachchan,9,Other
3500,Telugu,24.15,Action,Other,2,Other
3500,Telugu,24.15,Horror,Other,25,Other
3300,Telugu,24.09,Action,Other,35,Vikram K. Kumar
3300,Telugu,24.09,Comedy,Other,20,Other
4300,Hindi,24.08,Comedy,Other,50,Other
3700,Telugu,24.05,Action,Other,6,Other
3000,Marathi,24.0,Drama,Other,5,Other
3200,Tamil,24.0,Martial Arts,Vikram,90,Other
4000,Tamil,24.0,Action,Sivakarthikeyan,100,Other
4000,Telugu,24.0,History,Ravi Teja,50,Other
4200,Hindi,23.94,Horror,Kangana Ranaut,18,Mohit Suri
4600,Hindi,23.92,Crime,Kangana Ranaut,30,Hansal Mehta
3100,Malayalam,23.87,Action,Fahadh Faasil,7,Amal Neerad
3100,Malayalam,23.87,Drama,Nivin Pauly,4,Other
2800,Telugu,23.8,Psychological,Other,8,Other
3500,Hindi,23.8,Comedy,Other,6,Other
3500,Hindi,23.8,Action,Other,28,Prakash Jha
3900,Telugu,23.79,Action,Other,5,Other
2900,Hindi,23.78,Action,Other,18,Other
2900,Marathi,23.78,Action,Other,12,Other
3300,Hindi,23.76,Drama,Amitabh Bachchan,3,Yash Chopra
3300,Hindi,23.76,Drama,Anil Kapoor,8,Yash Chopra
3300,Kannada,23.76,Crime,Other,15,Other
3600,Malayalam,23.76,Comedy,Dulquer Salmaan,10,Other
3600,Telugu,23.76,Action,Other,8,Other
4400,Telugu,23.76,Action,Other,40,Other
3000,Tamil,23.7,Drama,Other,18,Other
3000,Telugu,23.7,Crime,Other,12,Other
3200,Hindi,23.68,Drama,Amitabh Bachchan,3,Other
3200,English,23.68,Drama,Other,18,Other
4000,Telugu,23.6,Action,Other,100,Other
3100,Telugu,23.56,Comedy,Nani,7,Other
3100,Malayalam,23.56,Biography,Nivin Pauly,8,Other
2800,Marathi,23.52,Biography,Other,2,Other
4700,Hindi,23.5,Drama,Other,35,Other
2700,Marathi,23.49,Drama,Other,10,Other
2700,Telugu,23.49,Action,Other,4,Other
2900,Kannada,23.49,Comedy,Other,5,Other
3400,Hindi,23.46,Comedy,Other,12,Other
3500,Telugu,23.45,Sea Adventure,Other,90,Other
3500,Telugu,23.45,Action,Other,40,Other
3500,Tamil,23.45,Action,Dhanush,28,Other
3300,Kannada,23.43,Martial Arts,Other,65,Other
3300,Tamil,23.43,Action,Other,20,Other
4500,Hindi,23.4,Drama,Akshay Kumar,30,Other
3200,Telugu,23.36,Action,Other,35,Other
3200,Tamil,23.36,Action,Other,12,Other
3200,Kannada,23.36,Crime,Other,4,Other
3200,Hindi,23.36,Comedy,Other,10,Other
3100,Punjabi,23.25,Comedy,Other,8,Other
3100,Telugu,23.25,Action,Chiranjeevi,24,Other
2700,Telugu,23.22,Thriller,Other,4,Other
2900,Kannada,23.2,Drama,Other,2,Other
3800,Telugu,23.18,Comedy,Other,6,Other
3400,Hindi,23.12,Drama,Other,12,Other
3400,Telugu,23.12,Action,N.T. Rama Rao Jr.,32,Other
3000,Telugu,23.1,Thriller,Other,5,Other
3300,Telugu,23.1,Comedy,Other,18,Sukumar
4200,Tamil,23.1,Comedy,Vijay Sethupathi,35,Other
3200,Tamil,23.04,Action,Joseph Vijay,15,Other
3200,Tamil,23.04,Thriller,Kamal Haasan,25,Other
3200,Telugu,23.04,Comedy,Other,5,Other
3600,Malayalam,23.04,Action,Dulquer Salmaan,18,Amal Neerad
4900,Hindi,23.03,Action,Salman Khan,8,Other
4500,Telugu,22.95,Action,Other,50,Other
4500,Hindi,22.95,Comedy,Other,10,Other
3100,Tamil,22.94,Drama,Other,8,Other
3100,Hindi,22.94,Action,Anil Kapoor,12,Priyadarshan
3100,Kannada,22.94,Comedy,Other,18,Other
3700,Hindi,22.94,Drama,Other,30,Other
2600,Telugu,22.88,Drama,Other,1,Other
2600,Telugu,22.88,Drama,Other,10,Other
3000,Telugu,22.8,Comedy,Other,25,Other
3000,Telugu,22.8,Action,Other,5,Other
4000,Hindi,22.8,Drama,Nawazuddin Siddiqui,20,Other
6000,Hindi,22.8,Action,Akshay Kumar,45,Other
3400,Malayalam,22.78,Comedy,Nivin Pauly,6,Other
6700,Hindi,22.78,Comedy,Other,25,Other
3200,Kannada,22.72,Action,Other,4,Other
2700,Tamil,22.68,Romance,Joseph Vijay,5,Other
3600,English,22.68,Action,Other,14,Abbas-Mustan
3600,Hindi,22.68,Crime,Other,8,Other
3600,Hindi,22.68,Comedy,Other,12,David Dhawan
3600,Telugu,22.68,Crime,Other,3,Other
4200,Hindi,22.68,Mystery,Emraan Hashmi,30,Jeethu Joseph
3100,Malayalam,22.63,Comedy,Other,12,Other
3100,Telugu,22.63,Comedy,Other,5,Other
3900,Tamil,22.62,Action,Joseph Vijay,18,Other
3900,Telugu,22.62,Action,Allu Arjun,40,Puri Jagannadh
3700,Malayalam,22.57,Action,Prithviraj Sukumaran,30,Other
3700,Hindi,22.57,Boxing,Other,38,Other
3700,Tamil,22.57,Action,Other,32,Hari
4800,Hindi,22.56,Comedy,Shahid Kapoor,35,Other
3000,Punjabi,22.5,Comedy,Other,8,Other
3000,Tamil,22.5,Biography,Other,3,Other
3300,Malayalam,22.44,Crime,Other,7,Other
3300,Hindi,22.44,Comedy,Other,18,Other
3400,Telugu,22.44,Action,Other,25,Other
3800,Hindi,22.42,Comedy,Other,30,Other
2800,Kannada,22.4,Drama,Other,12,Upendra
3200,Hindi,22.4,Action,Other,6,Other
3200,Punjabi,22.4,Drama,Other,6,Other
3200,Telugu,22.4,Drama,Other,8,Other
3500,Telugu,22.4,Action,Other,40,Other
4000,Malayalam,22.4,Crime,Mammootty,30,Other
4000,Telugu,22.4,Action,Other,6,Other
5200,Hindi,22.36,Caper,Other,75,Abbas-Mustan
5200,Tamil,22.36,Action,Joseph Vijay,50,Other
3100,Tamil,22.32,Comedy,Other,12,Other
3100,English,22.32,Comedy,Other,6,Other
3600,Hindi,22.32,Crime,Other,15,Other
3000,Telugu,22.2,Comedy,Nani,15,Other
3000,Marathi,22.2,Comedy,Other,4,Other
2700,Marathi,22.14,Drama,Other,2,Other
2700,Telugu,22.14,Action,Other,10,Other
2700,Marathi,22.14,Drama,Other,3,Other
2800,Tamil,22.12,Political,Other,2,Other
3300,Hindi,22.11,Comedy,Nawazuddin Siddiqui,20,Other
3400,Hindi,22.1,Action,Other,9,Mohit Suri
3400,Telugu,22.1,Action,Other,50,Other
3400,Telugu,22.1,Comedy,Other,12,Other
3500,Tamil,22.05,Drama,Other,8,Other
2900,Malayalam,22.04,Drama,Other,6,Other
2900,Tamil,22.04,Drama,Joseph Vijay,10,Other
2900,Malayalam,22.04,Drama,Prithviraj Sukumaran,18,Other
2900,Hindi,22.04,Disaster,Amitabh Bachchan,5,Yash Chopra
3100,Hindi,22.01,Crime,Other,6,Other
3100,Telugu,22.01,Romance,Other,16,Other
3100,English,22.01,Comedy,Naseeruddin Shah,8,Other
2800,Tamil,21.84,Action,Other,5,S. Shankar
2800,Bengali,21.84,Action,Other,15,Srijit Mukherji
3900,Telugu,21.84,Action,Ram Charan,60,Other
3900,Hindi,21.84,Romance,Other,16,Other
4200,Malayalam,21.84,Action,Mohanlal,50,Other
3700,Hindi,21.83,Action,Amitabh Bachchan,12,David Dhawan
3200,Malayalam,21.76,Comedy,Other,8,Other
3400,Hindi,21.76,Comedy,Other,5,David Dhawan
3400,Malayalam,21.76,Drama,Other,10,Other
2900,Malayalam,21.75,Drama,Other,12,Other
4100,Hindi,21.73,Thriller,Other,8,Vivek Agnihotri
3500,Hindi,21.7,Comedy,Saif Ali Khan,30,Other
3500,Telugu,21.7,Crime,Other,12,Other
6200,Hindi,21.7,Action,Ranbir Kapoor,85,Other
3800,Tamil,21.66,Action,Dhanush,35,Other
3800,Hindi,21.66,Drama,Other,40,Sanjay Gupta
2700,Malayalam,21.6,Drama,Other,6,Other
3000,Punjabi,21.6,Drama,Other,8,Other
3600,Hindi,21.6,Action,Amitabh Bachchan,35,Vidhu Vinod Chopra
4000,Hindi,21.6,Comedy,Saif Ali Khan,50,Raj & DK
4000,Hindi,21.6,Action,Other,40,Other
2800,Tamil,21.56,Action,Dhanush,8,Vetrimaaran
4300,Hindi,21.5,Comedy,Other,24,Other
2900,Malayalam,21.46,Comedy,Tovino Thomas,5,Other
3900,Tamil,21.45,Action,Suriya,45,K.S. Ravikumar
3200,Punjabi,21.44,Action,Other,6,Other
3100,Malayalam,21.39,Action,Nivin Pauly,15,Other
2700,Tamil,21.33,Comedy,Other,3,Venkat Prabhu
2700,Hindi,21.33,Comedy,Other,1,Other
3000,Tamil,21.3,Crime,Other,8,Other
3000,Tamil,21.3,Cop,Other,18,Other
2800,Tamil,21.28,Action,Suriya,7,Other
2800,Tamil,21.28,Action,Other,6,Other
3600,Malayalam,21.24,Action,Mammootty,70,Other
2900,Bengali,21.17,Crime,Other,6,Srijit Mukherji
4600,Hindi,21.16,Comedy,Other,35,Other
3200,Malayalam,21.12,Horror,Prithviraj Sukumaran,18,Other
3200,Telugu,21.12,Zombie Horror,Other,5,Other
3300,Telugu,21.12,Action,Other,12,Other
3300,Hindi,21.12,Action,Other,20,Other
4400,English,21.12,Horror,Other,5,Other
3100,Tamil,21.08,Action,Karthi,25,Other
3100,Telugu,21.08,Drama,Other,8,Other
4300,Hindi,21.07,Comedy,Shahid Kapoor,30,Other
4300,Hindi,21.07,Comedy,Imran Khan,55,Other
2600,Tamil,21.06,Thriller,Other,12,Other
2600,Malayalam,21.06,Comedy,Other,4,Other
2600,Tamil,21.06,Action,Other,5,Other
2700,Hindi,21.06,Crime,Naseeruddin Shah,4,Nagesh Kukunoor
2500,Tamil,21.0,Action,Other,3,Other
3500,Tamil,21.0,Comedy,Sivakarthikeyan,40,Other
4100,Tamil,20.91,Action,Joseph Vijay,26,Other
2900,Tamil,20.88,Action,Karthi,12,Other
2600,Telugu,20.8,Comedy,Other,3,Sekhar Kammula
2600,Marathi,20.8,Drama,Other,3,Other
2600,Tamil,20.8,Drama,Dhanush,4,K. Selvaraghavan
2600,Kannada,20.8,Comedy,Rakshit Shetty,2,Other
3200,Hindi,20.8,Suspense,Ajay Devgn,12,Anees Bazmee
3200,Hindi,20.8,Political,Other,18,Ram Gopal Varma
3200,Tamil,20.8,Action,Other,8,Other
3100,Hindi,20.77,Drama,Other,3,Other
3100,Hindi,20.77,Comedy,Anil Kapoor,12,David Dhawan
3100,Hindi,20.77,Action,Other,4,Other
2500,Punjabi,20.75,Drama,Other,9,Other
3400,Hindi,20.74,Drama,Other,28,Gautham Vasudev Menon
3400,Telugu,20.74,Comedy,Other,30,Other
3400,Telugu,20.74,Action,Nani,25,Other
2800,Hindi,20.72,Drama,Sanjay Dutt,22,Other
2800,Telugu,20.72,Action,Other,2,S.S. Rajamouli
3700,Telugu,20.72,Action,Other,80,Other
3000,Malayalam,20.7,Action,Other,30,Other
3000,Hindi,20.7,Comedy,Other,10,Other
3000,Hindi,20.7,Comedy,Other,8,Other
3000,Bengali,20.7,Comedy,Other,8,Other
4600,Hindi,20.7,Action,Ranveer Singh,65,Shaad Ali
4400,Telugu,20.68,Action,Other,40,Other
3500,Malayalam,20.65,Action,Mammootty,32,Other
2900,Tamil,20.59,Action,Ajith Kumar,12,A.R. Murugadoss
2900,Telugu,20.59,Mystery,Nani,20,Other
2900,Tamil,20.59,Action,Vijay Sethupathi,25,K.V. Anand
4200,Hindi,20.58,Action,Saif Ali Khan,50,Other
2700,Tamil,20.52,Comedy,Kamal Haasan,14,K.S. Ravikumar
2700,Tamil,20.52,Crime,Other,15,Other
3800,Hindi,20.52,Political,Nawazuddin Siddiqui,35,Other
5400,Hindi,20.52,Sea Adventure,Akshay Kumar,120,Other
2500,Tamil,20.5,Action,Other,4,Other
2500,Marathi,20.5,Crime,Other,5,Other
3200,Telugu,20.48,Action,Nani,22,Other
3100,Telugu,20.46,Romance,Other,5,Other
2800,Malayalam,20.44,Crime,Other,6,Other
2800,Malayalam,20.44,Crime,Other,25,Other
2800,Tamil,20.44,Drama,Dhanush,10,Other
3000,Malayalam,20.4,Comedy,Other,18,Jeethu Joseph
4000,Hindi,20.4,Romantic,Salman Khan,17,David Dhawan
3700,Hindi,20.35,Action,Sanjay Dutt,8,Anubhav Sinha
2900,Tamil,20.3,Drama,Other,8,Other
3500,Bengali,20.3,Drama,Other,12,Other
2600,Telugu,20.28,Thriller,Other,8,Other
3900,Telugu,20.28,Action,Ravi Teja,60,Other
2700,Tamil,20.25,Action,Rajinikanth,10,Other
2200,Telugu,20.24,Drama,Other,2,Other
2400,Telugu,20.16,Romance,Other,4,Other
3200,Kannada,20.16,Romance,Other,20,Other
5300,Telugu,20.14,Action,Chiranjeevi,140,Koratala Siva
3300,Telugu,20.13,Drama,Other,5,Other
3000,Telugu,20.1,Comedy,Other,12,Other
2600,Bengali,20.02,Comedy,Other,5,Other
2500,Malayalam,20.0,Crime,Other,6,Other
4000,Telugu,20.0,Comedy,Vijay Deverakonda,35,Other
5000,Hindi,20.0,Comedy,Sanjay Dutt,38,Indra Kumar
2700,Kannada,19.98,Drama,Other,12,Other
2700,Tamil,19.98,Action,Joseph Vijay,8,Other
3700,Hindi,19.98,Drama,Amitabh Bachchan,42,Other
3700,Tamil,19.98,Action,Vishal,50,Hari
3500,Hindi,19.95,Comedy,Other,30,Other
2400,Hindi,19.92,Drama,Other,0,Other
3900,Punjabi,19.89,Comedy,Other,10,Other
2800,Telugu,19.88,Comedy,Other,20,Other
2800,Tamil,19.88,Action,Ajith Kumar,27,K.S. Ravikumar
3100,Malayalam,19.84,Thriller,Kunchacko Boban,28,Amal Neerad
3200,Telugu,19.84,Action,Prabhas,18,Other
3200,Tamil,19.84,Drama,Vijay Deverakonda,50,Other
2200,Marathi,19.8,Comedy,Other,1,Other
3000,Hindi,19.8,Comedy,Other,22,Srijit Mukherji
3000,Hindi,19.8,Action,Other,22,Rajkumar Santoshi
3000,Telugu,19.8,Action,Other,18,Other
3300,Hindi,19.8,Action,Other,15,Other
4400,Hindi,19.8,Biography,Other,28,Other
2600,Hindi,19.76,Action,Other,3,Yash Chopra
2600,Telugu,19.76,Drama,Other,12,Other
2600,Tamil,19.76,Comedy,Madhavan,5,Gautham Vasudev Menon
2600,Bengali,19.76,Drama,Other,2,Satyajit Ray
2600,English,19.76,Drama,Other,6,Other
